stock_id,trade_date,score,final_score,trend,monitor_state,concentration_5d,concentration_20d,netbuy_1d_lot,netbuy_5d_lot,netbuy_20d_lot,buy_count_5d,sell_count_5d,breadth_5d,breadth_ratio_5d,buy_count_20d,sell_count_20d,breadth_20d,breadth_ratio_20d,pressure_ratio_5d,pressure_ratio_20d,top15_buy_stability_10d,top15_buy_stability_20d,enh_coherence_today,enh_coherence_slope_5d,enh_coherence_persistence_20d,enh_coherence_max_20d,enh_cost_low,enh_cost_high,enh_cost_deviation,enh_cost_zone_status,tv_score,tv_grade,regime_score,regime_trend,geo_grade,geo_zscore,geo_baseline_weight,dist_risk_flag,breakout_flag,divergence_flag,confirmation_score,atr_pct_20d,avg_turnover_20d,invalid_flag,ret_5d,ret_10d,ret_20d
2338,2025-12-01,81.0,63.4,震盪,NEUTRAL,52.9,37.1,0.0,0.0,2.0,198,305,-107,0.3936,350,382,-32,0.4781,0.7211,0.688,0.151,0.1526,0.85,0.092,0.3,1.95,33.9,35.74,0.063,above_zone,1,weak,65,transition,NA,,0.7,0,0,1,32.4,0.0327,30867730.0125,0,0.0111,0.0153,0.0
2338,2025-12-02,81.0,63.4,震盪,NEUTRAL,52.79,38.72,0.0,0.0,0.0,214,296,-82,0.4196,339,384,-45,0.4689,0.6908,0.7051,0.1469,0.1463,0.71,0.071,0.3,1.9,34.37,35.71,0.043,above_zone,0,weak,65,transition,NA,,0.7,0,0,1,32.4,0.0312,29154330.047500003,0,0.0084,-0.0349,-0.0139
2338,2025-12-03,81.0,63.4,震盪,NEUTRAL,41.97,40.49,0.0,0.0,0.0,210,275,-65,0.433,330,383,-53,0.4628,0.6706,0.6943,0.1469,0.1487,0.46,-0.037,0.25,1.99,34.27,35.7,0.05,above_zone,1,weak,65,transition,NA,,0.7,0,0,1,32.4,0.0303,27862848.652499996,0,-0.0153,-0.0569,-0.0014
2338,2025-12-04,80.0,62.9,震盪,NEUTRAL,43.81,40.27,0.0,0.0,0.0,217,243,-26,0.4717,324,380,-56,0.4602,0.6377,0.7028,0.1377,0.1487,0.7,-0.069,0.25,2.04,33.94,35.69,0.058,above_zone,1,weak,65,transition,NA,,0.7,0,0,1,32.0,0.0295,27207447.3525,0,-0.0125,-0.0557,-0.0125
2338,2025-12-05,78.0,61.9,震盪,NEUTRAL,42.63,36.8,0.0,0.0,2.0,246,188,58,0.5668,322,378,-56,0.46,0.5496,0.6942,0.1193,0.1345,1.09,0.015,0.2,2.07,34.97,35.69,0.012,inside_zone,0,weak,65,transition,NA,,0.7,0,0,1,31.2,0.03,26427430.3075,0,-0.0042,-0.0014,0.0325
2338,2025-12-08,80.0,62.9,震盪,DISTRIBUTION,48.21,35.94,0.0,0.0,2.0,221,208,13,0.5152,323,376,-53,0.4621,0.5899,0.6799,0.1094,0.1298,0.72,0.048,0.2,2.11,34.95,36.54,0.043,inside_zone,0,weak,65,transition,NA,,0.7,1,0,1,32.0,0.029,25834511.7175,0,0.0041,-0.0192,0.0686
2338,2025-12-09,80.0,62.9,震盪,DISTRIBUTION,50.66,37.31,0.0,0.0,2.0,222,212,10,0.5115,342,378,-36,0.475,0.5673,0.6623,0.1142,0.1274,0.94,0.087,0.2,2.13,34.95,36.8,0.034,inside_zone,0,weak,65,transition,NA,,0.7,1,0,1,32.0,0.0306,26194623.8575,0,-0.0429,0.0318,0.0277
2338,2025-12-10,77.0,61.4,震盪,DISTRIBUTION,33.15,37.0,0.0,0.0,2.0,268,203,65,0.569,358,362,-4,0.4972,0.5128,0.6415,0.0999,0.1253,1.27,0.09,0.25,2.1,34.94,36.8,0.015,inside_zone,0,weak,65,transition,NA,,0.7,1,0,1,30.8,0.0317,26062336.27,0,-0.0423,0.0254,0.0423
2338,2025-12-11,78.0,61.9,震盪,DISTRIBUTION,31.53,37.9,0.0,0.0,2.0,249,224,25,0.5264,348,366,-18,0.4874,0.5266,0.6394,0.0955,0.1185,0.82,-0.009,0.2,2.19,34.94,36.8,0.015,inside_zone,0,weak,65,transition,NA,,0.7,1,0,1,31.2,0.0316,25454462.1375,0,-0.0437,0.0155,0.0621
2338,2025-12-12,75.0,60.4,震盪,DISTRIBUTION,29.29,38.94,0.0,0.0,0.0,252,226,26,0.5272,325,387,-62,0.4565,0.5052,0.6708,0.0911,0.1205,0.94,0.012,0.2,2.26,35.23,36.8,0.001,inside_zone,0,weak,65,transition,NA,,0.7,1,0,1,30.0,0.0316,24356148.437499996,0,0.0028,0.0255,0.0695
2338,2025-12-15,77.0,61.4,震盪,DISTRIBUTION,48.23,38.43,0.0,0.0,0.0,249,267,-18,0.4826,319,391,-72,0.4493,0.5266,0.6482,0.1043,0.1227,1.13,-0.024,0.2,2.24,34.95,35.8,0.047,above_zone,0,weak,65,transition,NA,,0.7,1,0,1,30.8,0.0307,24469243.4875,0,-0.0232,-0.015,0.0601
2338,2025-12-16,71.0,58.3,震盪,DISTRIBUTION,21.61,37.84,0.0,0.0,0.0,333,206,127,0.6178,336,376,-40,0.4719,0.4311,0.6374,0.0859,0.1208,2.54,0.26,0.2,2.54,34.88,36.8,-0.008,below_zone,0,weak,65,transition,NA,,0.7,1,0,1,28.4,0.0335,24389420.997500002,1,0.078,0.0217,0.1185
2338,2025-12-17,70.0,57.8,震盪,DISTRIBUTION,18.39,34.29,0.0,0.0,0.0,342,199,143,0.6322,352,355,-3,0.4979,0.395,0.6001,0.0951,0.1184,1.81,0.355,0.2,2.45,34.79,36.8,-0.024,below_zone,0,weak,65,transition,NA,,0.7,1,0,1,28.0,0.0335,24173831.302500002,1,0.0707,0.0589,0.1767
2338,2025-12-18,70.0,57.8,震盪,DISTRIBUTION,17.78,31.59,0.0,0.0,0.0,361,177,184,0.671,361,348,13,0.5092,0.3605,0.5751,0.0913,0.1103,0.98,0.096,0.2,2.4,34.23,36.8,-0.01,below_zone,0,weak,65,transition,NA,,0.7,1,0,1,28.0,0.0333,23382621.7875,1,0.0619,0.0457,0.2301
2338,2025-12-19,71.0,58.3,震盪,NEUTRAL,24.66,38.54,0.0,0.0,0.0,316,207,109,0.6042,329,378,-49,0.4653,0.4677,0.608,0.0913,0.1056,0.67,-0.234,0.15,2.52,34.5,36.8,0.025,inside_zone,0,weak,65,transition,NA,,0.7,0,0,1,28.4,0.0324,23645947.667500004,0,0.0226,0.0339,0.1754
2338,2025-12-22,71.0,58.3,震盪,NEUTRAL,22.31,37.73,0.0,0.0,0.0,354,170,184,0.6756,325,385,-60,0.4577,0.4453,0.6137,0.102,0.1082,0.98,-0.417,0.15,2.48,34.68,36.8,0.031,inside_zone,0,weak,65,transition,NA,,0.7,0,0,1,28.4,0.0313,23786931.560000002,0,0.0084,0.0895,0.172
2338,2025-12-23,81.0,63.4,震盪,NEUTRAL,43.8,33.31,0.0,0.0,0.0,281,333,-52,0.4577,337,386,-49,0.4661,0.5598,0.5905,0.1111,0.1105,1.82,0.016,0.2,2.33,35.53,37.28,0.05,above_zone,0,weak,65,transition,NA,,0.7,0,0,1,32.4,0.0328,29431166.575,0,-0.0523,-0.004,0.1233
2338,2025-12-24,60.0,52.7,震盪,FADING,21.81,28.59,0.0,0.0,0.0,357,289,68,0.5526,409,332,77,0.552,0.4414,0.4912,0.107,0.1018,2.69,0.475,0.2,2.69,35.57,36.23,0.022,above_zone,0,weak,65,transition,NA,,0.7,0,0,0,24.0,0.0348,33053741.885,0,-0.011,0.0165,0.1032
2338,2025-12-26,60.0,52.7,震盪,FADING,29.36,20.76,0.0,0.0,0.0,374,273,101,0.5781,431,309,122,0.5824,0.4069,0.4444,0.1114,0.1018,1.39,0.352,0.25,2.58,35.57,36.24,0.012,inside_zone,0,weak,65,transition,NA,,0.7,0,0,0,24.0,0.0358,33887020.725,0,-0.0153,0.0458,0.1153
2338,2025-12-29,60.0,52.7,震盪,FADING,17.17,20.44,0.0,0.0,0.0,403,240,163,0.6267,442,293,149,0.6014,0.3502,0.4128,0.1023,0.0997,0.91,0.011,0.25,2.55,35.63,36.52,0.015,inside_zone,0,weak,65,transition,NA,,0.7,0,0,0,24.0,0.0349,33522131.369999997,0,0.0111,0.0429,0.1577
2338,2025-12-30,61.0,53.2,震盪,FADING,16.31,19.81,0.0,0.0,0.0,405,235,170,0.6328,452,285,167,0.6133,0.3283,0.4073,0.1322,0.1139,0.94,-0.282,0.25,2.54,35.3,36.52,0.021,inside_zone,0,weak,65,transition,NA,,0.7,0,0,0,24.4,0.0346,33727309.945,0,0.0804,0.0763,0.1761
2338,2025-12-31,62.0,53.7,震盪,FADING,18.06,20.05,0.0,0.0,0.0,446,165,281,0.73,450,285,165,0.6122,0.2662,0.385,0.119,0.1052,1.51,-0.222,0.3,2.42,35.67,36.25,-0.009,below_zone,0,weak,65,transition,NA,,0.7,0,0,0,24.8,0.0366,34797611.2025,1,0.0509,0.0948,0.1315
2338,2026-01-02,60.0,52.7,震盪,FADING,18.98,19.41,0.0,0.0,0.0,324,244,80,0.5704,446,291,155,0.6052,0.408,0.3889,0.1269,0.1052,0.6,-0.074,0.3,2.4,35.67,36.25,0.008,inside_zone,0,weak,65,transition,NA,,0.7,0,0,0,24.0,0.0364,35274135.864999995,0,0.0278,0.1113,0.0848
2338,2026-01-05,66.0,55.8,震盪,NEUTRAL,27.48,19.66,0.0,0.0,0.0,315,284,31,0.5259,431,302,129,0.588,0.4974,0.4028,0.1368,0.1139,1.1,0.026,0.3,2.33,35.67,36.17,-0.006,below_zone,0,weak,65,transition,NA,,0.7,0,0,0,26.4,0.0379,36976203.085,1,0.0621,0.1763,0.0465
2338,2026-01-06,72.0,58.8,震盪,NEUTRAL,42.71,19.07,0.0,0.0,0.0,276,331,-55,0.4547,399,331,68,0.5466,0.6085,0.4402,0.1214,0.1139,0.72,-0.066,0.3,2.35,35.76,36.53,0.022,above_zone,0,weak,65,transition,NA,,0.7,0,0,1,28.8,0.0373,38347656.115,0,0.0315,0.1368,0.052
2338,2026-01-07,60.0,52.7,震盪,FADING,15.38,13.9,0.0,0.0,0.0,369,328,41,0.5294,445,307,138,0.5918,0.4526,0.3809,0.1166,0.1116,2.07,0.155,0.3,2.17,36.05,37.37,0.08,above_zone,1,weak,65,transition,NA,,0.7,0,0,0,24.0,0.0372,47835986.25500001,0,-0.0039,0.0757,-0.0308
2338,2026-01-08,60.0,52.7,震盪,FADING,17.29,13.58,0.0,0.0,0.0,382,331,51,0.5358,455,297,158,0.6051,0.419,0.3444,0.1251,0.1137,1.79,0.355,0.3,2.04,36.06,37.95,0.03,inside_zone,0,weak,65,transition,NA,,0.7,0,0,0,24.0,0.0397,52292202.587500006,0,0.0417,0.1279,-0.004
2338,2026-01-09,60.0,52.7,震盪,FADING,16.09,13.01,0.0,0.0,0.0,403,302,101,0.5716,460,295,165,0.6093,0.3731,0.3421,0.1166,0.1118,1.12,0.149,0.3,2.01,36.06,36.83,0.025,above_zone,0,weak,65,transition,NA,,0.7,0,0,0,24.0,0.0405,53710627.78000001,0,0.0812,0.0853,-0.0392
2338,2026-01-12,60.0,52.7,震盪,FADING,11.07,12.72,0.0,0.0,0.0,405,300,105,0.5745,466,293,173,0.614,0.382,0.3541,0.1166,0.1118,0.94,-0.011,0.25,1.97,36.06,37.38,0.044,above_zone,0,weak,65,transition,NA,,0.7,0,0,0,24.0,0.0402,55529647.092499994,0,0.1076,0.0664,-0.077
2338,2026-01-13,60.0,52.7,震盪,FADING,10.06,13.52,0.0,0.0,0.0,419,276,143,0.6029,458,299,159,0.605,0.3424,0.3649,0.0951,0.1095,0.91,-0.262,0.25,1.93,36.06,37.38,0.045,above_zone,0,weak,65,transition,NA,,0.7,0,0,0,24.0,0.0409,57048052.707499996,0,0.1021,0.1101,-0.0995
2338,2026-01-14,71.0,58.3,震盪,NEUTRAL,24.32,13.08,0.0,0.0,0.0,330,369,-39,0.4721,438,323,115,0.5756,0.5454,0.377,0.0992,0.1115,1.06,-0.136,0.2,1.89,36.6,38.1,0.06,above_zone,0,weak,65,transition,NA,,0.7,0,0,1,28.4,0.0396,60830271.2375,0,0.0799,0.0928,-0.1327
2338,2026-01-15,72.0,58.8,震盪,NEUTRAL,27.04,15.75,0.0,0.0,0.0,318,370,-52,0.4622,414,342,72,0.5476,0.6037,0.4102,0.1037,0.1092,1.21,0.045,0.2,1.91,36.7,38.12,0.054,above_zone,0,weak,65,transition,NA,,0.7,0,0,1,28.8,0.038,61240611.66249999,0,0.0827,0.0336,-0.0439
2338,2026-01-16,72.0,58.8,震盪,NEUTRAL,34.14,13.65,0.0,0.0,0.0,316,408,-92,0.4365,416,357,59,0.5382,0.6183,0.4378,0.0853,0.111,1.41,0.133,0.2,1.88,36.7,38.17,0.089,above_zone,1,weak,65,transition,NA,,0.7,0,0,1,28.8,0.0379,69965988.38249998,0,0.0038,-0.0238,0.0188
2338,2026-01-19,73.0,59.3,震盪,NEUTRAL,33.56,17.53,0.0,0.0,0.0,312,433,-121,0.4188,393,384,9,0.5058,0.6351,0.4939,0.0853,0.111,1.28,0.121,0.25,1.82,37.23,40.05,0.12,above_zone,1,weak,65,transition,NA,,0.7,0,0,1,29.2,0.0379,81097684.9575,0,-0.0372,-0.1103,0.0731
2338,2026-01-20,78.0,61.9,震盪,NEUTRAL,34.5,12.51,0.0,0.0,0.0,305,451,-146,0.4034,387,386,1,0.5006,0.651,0.5026,0.0951,0.1084,1.03,0.023,0.25,1.75,37.86,40.22,0.097,above_zone,0,weak,65,transition,NA,,0.7,0,0,1,31.2,0.0382,84638067.5525,0,0.0072,-0.0746,0.1841
2338,2026-01-21,81.0,63.4,震盪,NEUTRAL,33.95,11.44,0.0,0.0,0.0,292,438,-146,0.4,378,400,-22,0.4859,0.6659,0.5356,0.0999,0.1084,0.88,-0.069,0.25,1.72,38.44,41.41,0.09,above_zone,0,weak,65,transition,NA,,0.7,0,0,1,32.4,0.0393,90354705.7625,0,0.0119,-0.099,0.2912
2338,2026-01-22,80.0,62.9,震盪,NEUTRAL,35.02,28.01,0.0,0.0,0.0,260,489,-229,0.3471,351,430,-79,0.4494,0.71,0.577,0.1238,0.1197,1.03,-0.086,0.25,1.72,38.6,40.37,0.085,above_zone,1,weak,65,transition,NA,,0.7,0,0,1,32.0,0.0378,93950045.9825,0,-0.0453,-0.1169,0.2864
2338,2026-01-23,80.0,62.9,震盪,NEUTRAL,37.63,29.49,0.0,0.0,0.0,271,477,-206,0.3623,339,442,-103,0.4341,0.7075,0.6445,0.1238,0.1177,1.44,0.042,0.25,1.67,38.68,40.4,0.037,inside_zone,0,weak,65,transition,NA,,0.7,0,0,1,32.0,0.0401,95002728.9875,0,-0.0274,-0.1147,0.2132
2338,2026-01-26,80.0,62.9,震盪,NEUTRAL,38.16,30.42,0.0,0.0,0.0,288,440,-152,0.3956,329,449,-120,0.4229,0.6862,0.6753,0.1238,0.1197,1.14,0.078,0.25,1.66,38.77,40.38,0.036,inside_zone,0,weak,65,transition,NA,,0.7,0,0,1,32.0,0.0403,97670176.80250001,0,-0.076,-0.1345,0.3126
2338,2026-01-27,80.0,62.9,震盪,NEUTRAL,39.97,30.9,0.0,0.0,0.0,271,451,-180,0.3753,326,452,-126,0.419,0.693,0.6972,0.1437,0.1169,0.9,0.016,0.25,1.63,39.61,41.75,0.057,above_zone,0,weak,65,transition,NA,,0.7,0,0,1,32.0,0.0398,102515403.775,0,-0.0812,-0.1888,0.2616
2338,2026-01-28,81.0,63.4,震盪,NEUTRAL,25.7,30.19,0.0,0.0,0.0,337,403,-66,0.4554,335,451,-116,0.4262,0.6033,0.6636,0.1437,0.1209,1.46,0.048,0.25,1.56,39.84,41.81,0.064,above_zone,0,weak,65,transition,NA,,0.7,0,0,1,32.4,0.0392,109783539.6925,0,-0.1097,-0.2064,
2338,2026-01-29,73.0,59.3,震盪,NEUTRAL,24.61,21.61,0.0,0.0,0.0,405,332,73,0.5495,344,441,-97,0.4382,0.4842,0.6616,0.1478,0.1209,1.37,0.049,0.3,1.53,39.9,41.61,0.003,inside_zone,0,weak,65,transition,NA,,0.7,0,0,1,29.2,0.0431,114069397.10999998,0,-0.075,-0.075,
2338,2026-01-30,79.0,62.4,震盪,FADING,28.12,22.07,0.0,0.0,0.0,350,375,-25,0.4828,333,454,-121,0.4231,0.5388,0.6769,0.1478,0.1162,0.85,0.015,0.25,1.5,39.91,42.17,-0.023,below_zone,0,weak,65,transition,NA,,0.7,0,0,1,31.6,0.0452,116675002.0975,1,-0.0897,0.0436,
2338,2026-02-02,72.0,58.8,震盪,NEUTRAL,25.18,21.79,0.0,0.0,0.0,391,357,34,0.5227,357,459,-102,0.4375,0.4809,0.6464,0.1379,0.1162,1.22,0.028,0.3,1.46,40.05,41.8,-0.074,below_zone,0,weak,65,transition,NA,,0.7,0,0,1,28.8,0.0485,118001782.49749999,1,-0.0633,0.2062,
2338,2026-02-03,69.0,57.3,震盪,FADING,16.25,20.22,0.0,0.0,0.0,445,303,142,0.5949,372,445,-73,0.4553,0.4243,0.6116,0.1332,0.1162,0.63,-0.154,0.3,1.45,40.11,41.8,-0.041,below_zone,0,weak,65,transition,NA,,0.7,0,0,0,27.6,0.0471,118084082.905,1,-0.117,0.2796,
2338,2026-02-04,70.0,57.8,震盪,FADING,23.02,22.53,0.0,0.0,0.0,417,296,121,0.5849,361,462,-101,0.4386,0.4472,0.6379,0.1177,0.1162,1.14,-0.056,0.25,1.38,39.03,41.8,-0.033,below_zone,0,weak,65,transition,NA,,0.7,0,0,1,28.0,0.045,109555727.47500002,1,-0.1086,0.4331,
2338,2026-02-05,69.0,57.3,震盪,FADING,24.65,22.81,0.0,0.0,0.0,406,271,135,0.5997,345,478,-133,0.4192,0.419,0.6457,0.1177,0.1182,0.89,-0.003,0.2,1.41,40.03,41.18,-0.076,below_zone,0,weak,65,transition,NA,,0.7,0,0,0,27.6,0.0457,105477305.50750001,1,0.0,0.4568,
2338,2026-02-06,70.0,57.8,震盪,FADING,20.07,23.88,0.0,0.0,0.0,461,182,279,0.717,356,466,-110,0.4331,0.2858,0.6262,0.1133,0.1182,1.36,0.049,0.25,1.38,39.78,41.12,-0.108,below_zone,1,weak,65,transition,NA,,0.7,0,0,1,28.0,0.0482,105642666.0775,1,0.1465,0.3704,
2338,2026-02-09,71.0,58.3,震盪,FADING,22.74,23.41,0.0,0.0,0.0,490,166,324,0.747,385,444,-59,0.4644,0.2447,0.5822,0.0979,0.1182,1.48,0.193,0.25,1.48,39.64,40.99,-0.123,below_zone,1,weak,65,transition,NA,,0.7,0,0,1,28.4,0.0501,107495307.84,1,0.2878,0.5165,
2338,2026-02-10,72.0,58.8,震盪,FADING,25.44,22.37,0.0,0.0,0.0,543,139,404,0.7962,415,418,-3,0.4982,0.2566,0.5591,0.1026,0.1225,1.49,0.15,0.25,1.49,39.51,40.9,-0.141,below_zone,1,weak,65,transition,NA,,0.7,0,0,1,28.8,0.051,108995835.4325,1,0.4492,0.5552,
2338,2026-02-11,72.0,58.8,震盪,FADING,25.2,21.42,0.0,0.0,0.0,547,137,410,0.7997,451,379,72,0.5434,0.2532,0.5143,0.1118,0.1248,1.16,0.099,0.2,1.46,38.69,40.42,-0.13,below_zone,1,weak,65,transition,NA,,0.7,0,0,1,28.8,0.0508,105233226.96000001,1,0.6077,,
2338,2026-02-23,71.0,58.3,震盪,FADING,34.84,23.81,0.0,0.0,0.0,489,186,303,0.7244,433,401,32,0.5192,0.3871,0.5427,0.1033,0.1248,0.68,-0.135,0.25,1.48,36.94,40.03,0.002,inside_zone,0,weak,65,transition,NA,,0.7,0,0,1,28.4,0.0495,110333306.25500003,1,0.4568,,
2338,2026-02-24,72.0,58.8,震盪,NEUTRAL,40.16,24.94,0.0,0.0,0.0,397,294,103,0.5745,404,429,-25,0.485,0.4865,0.5733,0.0989,0.1227,0.34,-0.307,0.35,1.53,36.93,40.73,0.102,inside_zone,0,weak,65,transition,NA,,0.7,0,0,1,28.8,0.0467,105159377.82000002,0,0.1953,,
2338,2026-02-25,80.0,62.9,震盪,NEUTRAL,49.09,26.97,0.0,0.0,0.0,262,456,-194,0.3649,367,463,-96,0.4422,0.6437,0.5999,0.0989,0.118,0.39,-0.328,0.4,1.58,36.9,44.46,0.213,above_zone,1,weak,65,transition,NA,,0.7,0,0,1,32.0,0.0441,101135273.435,0,0.1777,,
2338,2026-02-26,77.0,61.4,震盪,NEUTRAL,57.7,29.82,0.0,0.0,0.0,190,560,-370,0.2533,307,526,-219,0.3685,0.7974,0.6934,0.1036,0.118,0.68,-0.152,0.4,1.6,36.9,48.06,0.333,above_zone,1,weak,65,transition,NA,,0.7,0,0,1,30.8,0.0431,113294127.0875,0,0.0732,,
2338,2026-03-02,77.0,61.4,震盪,NEUTRAL,45.24,38.88,0.0,0.0,0.0,186,583,-397,0.2419,302,537,-235,0.36,0.7647,0.6879,0.1179,0.1154,0.97,0.08,0.4,1.58,36.9,53.78,0.466,above_zone,1,weak,65,transition,NA,,0.7,0,0,1,30.8,0.0423,147726116.6525,0,,,
2338,2026-03-03,82.0,63.9,震盪,NEUTRAL,24.44,30.03,0.0,0.0,0.0,372,416,-44,0.4721,437,414,23,0.5135,0.6076,0.5578,0.1179,0.1154,1.99,0.385,0.3,1.99,44.8,54.76,0.203,inside_zone,0,weak,65,transition,NA,,0.7,0,0,1,32.8,0.0473,224343459.4875,0,,,
2338,2026-03-04,83.0,64.4,震盪,NEUTRAL,26.64,22.24,-8.0,-8.0,-8.0,394,401,-7,0.4956,433,415,18,0.5106,0.5704,0.5569,0.1094,0.1113,1.4,0.339,0.35,1.96,45.04,54.75,0.08,inside_zone,0,weak,65,transition,NA,,0.7,0,0,1,33.2,0.0556,230900815.45499998,0,,,
2338,2026-03-05,83.0,64.4,震盪,NEUTRAL,26.35,18.08,8.0,0.0,0.0,426,376,50,0.5312,431,413,18,0.5107,0.5263,0.5546,0.1002,0.1019,1.21,0.167,0.35,1.93,45.23,54.66,0.165,inside_zone,0,weak,65,transition,NA,,0.7,0,0,1,33.2,0.0547,237343795.98499998,0,,,
2338,2026-03-06,69.0,57.3,震盪,FADING,19.25,17.21,0.0,0.0,0.0,482,316,166,0.604,459,390,69,0.5406,0.418,0.5355,0.0911,0.0999,1.04,-0.039,0.3,1.9,45.45,54.66,0.162,inside_zone,0,weak,65,transition,NA,,0.7,0,0,0,27.6,0.0562,237995926.79749995,0,,,
2454,2025-11-28,68.0,58.5,震盪,FADING,50.93,36.06,0.0,2.0,48.0,106,712,-606,0.1296,528,290,238,0.6455,0.6652,0.3935,0.2276,0.2407,0.14,-0.245,0.4,1.48,1268.04,1313.3,0.1,above_zone,1,weak,70,bull,,,0.7,0,0,0,27.2,0.0312,11137843072.0,0,0.0215,0.0072,0.0179
2454,2025-12-01,75.0,62.0,震盪,ACCUMULATION,52.67,34.52,0.0,2.0,44.0,83,736,-653,0.1013,304,515,-211,0.3712,0.7583,0.5135,0.2629,0.2574,0.25,-0.166,0.45,1.57,1283.84,1343.27,0.126,above_zone,1,weak,70,bull,,,0.7,0,0,1,30.0,0.0304,11866343127.25,0,-0.0035,-0.0173,-0.0173
2454,2025-12-02,73.0,61.0,震盪,ACCUMULATION,58.16,36.97,0.0,2.0,36.0,78,741,-663,0.0952,312,507,-195,0.381,0.7689,0.5006,0.2909,0.2605,0.75,0.059,0.45,1.54,1285.29,1352.04,0.101,above_zone,0,weak,70,bull,,,0.7,0,0,1,29.2,0.0318,12278029832.25,0,0.0035,0.0035,0.0106
2454,2025-12-03,66.0,57.5,震盪,ACCUMULATION,59.28,26.48,-2.0,0.0,34.0,92,727,-635,0.1123,380,439,-59,0.464,0.752,0.4897,0.2909,0.2605,0.99,0.149,0.4,1.51,1292.8,1354.65,0.083,above_zone,0,weak,70,bull,,,0.7,0,0,0,26.4,0.0318,12514111783.25,0,0.0429,0.0179,0.05
2454,2025-12-04,75.0,62.0,震盪,ACCUMULATION,59.65,41.53,0.0,-2.0,28.0,86,731,-645,0.1053,281,538,-257,0.3431,0.761,0.5357,0.2727,0.2519,0.8,0.207,0.4,1.55,1290.02,1347.37,0.089,above_zone,0,weak,70,bull,,,0.7,0,0,1,30.0,0.0313,12459340922.5,0,-0.0071,0.0107,0.0854
2454,2025-12-05,75.0,62.0,震盪,ACCUMULATION,54.74,40.41,0.0,-2.0,24.0,163,654,-491,0.1995,196,623,-427,0.2393,0.6686,0.6244,0.2788,0.2519,0.47,0.046,0.35,1.53,1291.65,1391.74,0.103,above_zone,0,weak,70,bull,,,0.7,0,0,1,30.0,0.0311,12488453446.0,0,-0.014,-0.0105,0.0421
2454,2025-12-08,77.0,63.1,震盪,ACCUMULATION,46.2,43.48,0.0,-2.0,34.0,313,501,-188,0.3845,162,657,-495,0.1978,0.58,0.6421,0.2788,0.2374,0.59,-0.117,0.35,1.6,1297.31,1391.83,0.11,above_zone,1,weak,70,bull,,,0.7,0,0,1,30.8,0.0316,12577079112.5,0,-0.0139,-0.0278,0.0347
2454,2025-12-09,76.0,62.6,震盪,ACCUMULATION,56.14,43.59,0.0,-2.0,28.0,333,481,-148,0.4091,143,676,-533,0.1746,0.5703,0.6624,0.2573,0.2352,1.13,-0.036,0.35,1.64,1297.87,1392.39,0.094,above_zone,0,weak,70,bull,,,0.7,0,0,1,30.4,0.0319,12576702106.5,0,0.0,-0.0211,0.0176
2454,2025-12-10,73.0,61.0,震盪,NEUTRAL,63.05,44.66,0.0,0.0,26.0,103,711,-608,0.1265,97,722,-625,0.1184,0.7117,0.7128,0.2466,0.2272,0.16,-0.094,0.4,1.74,1316.87,1393.88,0.109,above_zone,0,weak,70,bull,,,0.7,0,0,1,29.2,0.0317,12973735377.0,0,-0.024,-0.0548,-0.0274
2454,2025-12-11,76.0,62.6,震盪,NEUTRAL,43.14,42.51,0.0,0.0,24.0,255,560,-305,0.3129,127,692,-565,0.1551,0.6079,0.6532,0.2299,0.2248,1.66,0.18,0.4,1.69,1325.59,1397.89,0.052,inside_zone,0,weak,70,bull,,,0.7,0,0,1,30.4,0.0348,13456430070.75,0,0.0179,-0.0072,0.0358
2454,2025-12-12,75.0,62.0,震盪,NEUTRAL,37.58,39.39,0.0,0.0,2.0,333,482,-149,0.4086,126,693,-567,0.1538,0.5653,0.6571,0.1994,0.2248,1.23,0.171,0.4,1.72,1326.98,1397.99,0.059,above_zone,0,weak,70,bull,,,0.7,0,0,1,30.0,0.0347,13557230227.25,0,0.0036,0.0107,0.0569
2454,2025-12-15,73.0,61.0,震盪,NEUTRAL,43.94,39.47,0.0,0.0,0.0,306,510,-204,0.375,118,701,-583,0.1441,0.5539,0.6616,0.1812,0.2295,0.63,-0.008,0.5,1.77,1322.65,1399.38,0.074,above_zone,0,weak,70,bull,,,0.7,0,0,1,29.2,0.0354,13962868270.25,0,-0.0141,0.0,0.0563
2454,2025-12-16,73.0,61.0,震盪,NEUTRAL,39.36,42.52,2.0,2.0,2.0,258,558,-300,0.3162,103,716,-613,0.1258,0.5914,0.6971,0.1868,0.2368,0.77,0.003,0.45,1.83,1331.35,1400.43,0.067,above_zone,0,weak,70,bull,,,0.7,0,0,1,29.2,0.0349,14028157681.25,0,-0.0211,0.007,0.0493
2454,2025-12-17,68.0,58.5,震盪,FADING,30.42,43.2,-20.0,-18.0,-18.0,459,356,103,0.5632,100,718,-618,0.1222,0.423,0.7071,0.1684,0.2281,0.64,-0.319,0.4,1.94,1333.66,1401.16,0.068,above_zone,1,weak,70,bull,,,0.7,0,0,0,27.2,0.034,14274432670.25,0,-0.0316,0.0316,0.0561
2454,2025-12-18,72.0,60.5,震盪,NEUTRAL,41.52,49.15,-2.0,-20.0,-20.0,254,557,-303,0.3132,101,717,-616,0.1235,0.5662,0.7215,0.1623,0.2221,1.22,-0.048,0.4,1.96,1335.94,1402.7,0.063,above_zone,1,weak,70,bull,,,0.7,0,0,1,28.8,0.0329,14220803205.5,0,-0.0246,0.0739,0.0458
2454,2025-12-19,71.0,60.0,震盪,NEUTRAL,37.7,42.28,0.0,-20.0,-20.0,271,542,-271,0.3333,97,722,-625,0.1184,0.5473,0.7465,0.1675,0.2195,1.61,0.218,0.4,2.0,1360.51,1408.76,0.036,above_zone,0,weak,70,bull,,,0.7,0,0,1,28.4,0.0335,14353648971.0,0,0.0071,0.0532,0.0532
2454,2025-12-22,70.0,59.5,震盪,NEUTRAL,42.31,42.05,0.0,-20.0,-20.0,443,370,73,0.5449,104,717,-613,0.1267,0.4675,0.7452,0.1773,0.2219,1.92,0.312,0.4,1.97,1361.74,1425.14,0.028,inside_zone,0,weak,70,bull,,,0.7,0,0,1,28.0,0.0336,14197197776.0,0,0.0143,0.0643,0.0464
2454,2025-12-23,69.0,59.0,震盪,FADING,33.67,46.92,0.0,-22.0,-20.0,616,197,419,0.7577,117,704,-587,0.1425,0.3902,0.724,0.1941,0.2219,1.9,0.32,0.35,1.92,1388.58,1426.05,0.001,inside_zone,0,weak,70,bull,,,0.7,0,0,0,27.6,0.0326,14139737391.75,1,0.0288,0.0396,0.0683
2454,2025-12-24,69.0,59.0,震盪,FADING,39.75,43.99,0.0,-2.0,-20.0,687,129,558,0.8419,141,679,-538,0.172,0.3438,0.6835,0.1941,0.2168,1.63,0.138,0.4,1.8,1408.47,1424.31,-0.02,below_zone,0,weak,70,bull,,,0.7,0,0,0,27.6,0.0295,13544105312.75,1,0.0652,0.029,0.1812
2454,2025-12-26,70.0,59.5,震盪,FADING,35.87,49.66,0.0,0.0,-22.0,700,116,584,0.8578,151,669,-518,0.1841,0.3273,0.6767,0.1893,0.2067,1.49,0.007,0.45,1.73,1414.47,1431.0,-0.021,below_zone,0,weak,70,bull,,,0.7,0,0,1,28.0,0.0274,12385650506.75,1,0.1011,0.0433,0.278
2454,2025-12-29,71.0,60.0,震盪,NEUTRAL,33.33,36.84,0.0,0.0,-22.0,674,141,533,0.827,279,540,-261,0.3407,0.3343,0.5681,0.1893,0.1946,0.87,-0.171,0.4,1.67,1414.99,1431.67,0.004,inside_zone,1,weak,70,bull,,,0.7,0,0,1,28.4,0.0266,11412224804.5,0,0.0458,0.0458,0.25
2454,2025-12-30,62.0,55.4,震盪,FADING,34.89,29.0,0.0,0.0,-22.0,634,182,452,0.777,416,403,13,0.5079,0.3843,0.4926,0.2019,0.1946,1.04,-0.171,0.3,1.6,1412.93,1431.06,0.005,inside_zone,1,weak,70,bull,,,0.7,0,0,0,24.8,0.0259,10234508126.25,0,0.0493,0.0563,0.2535
2454,2025-12-31,82.0,65.6,震盪,NEUTRAL,43.68,23.93,0.0,0.0,-22.0,423,392,31,0.519,381,438,-57,0.4652,0.5148,0.5231,0.2259,0.1973,0.56,-0.218,0.3,1.63,1416.25,1431.37,0.01,inside_zone,0,weak,70,bull,,,0.7,0,0,1,32.8,0.0252,9874371268.75,0,0.0105,0.042,0.2448
2454,2026-01-02,78.0,63.6,震盪,NEUTRAL,46.3,26.73,-3.0,-3.0,-23.0,260,556,-296,0.3186,294,526,-232,0.3585,0.5776,0.5464,0.2203,0.1973,0.51,-0.218,0.35,1.68,1422.75,1428.87,0.033,above_zone,1,weak,70,bull,,,0.7,0,0,1,31.2,0.0255,10091203930.25,0,-0.034,0.0238,0.1973
2454,2026-01-05,76.0,62.6,震盪,NEUTRAL,43.1,28.0,0.0,-3.0,-23.0,159,658,-499,0.1946,225,594,-369,0.2747,0.6485,0.5759,0.2385,0.2004,0.46,-0.149,0.4,1.73,1431.93,1449.48,0.065,above_zone,2,watch,70,bull,,,0.7,0,0,1,30.4,0.0256,10731698121.5,0,-0.0525,-0.0262,0.118
2454,2026-01-06,78.0,63.6,震盪,NEUTRAL,38.27,30.22,-1.0,-4.0,-24.0,225,592,-367,0.2754,293,527,-234,0.3573,0.6,0.5341,0.2334,0.2004,1.5,0.073,0.4,1.64,1433.28,1453.88,0.036,above_zone,0,weak,70,bull,,,0.7,0,0,1,31.2,0.0264,10794610116.5,0,0.0,0.0,0.2088
2454,2026-01-07,77.0,63.1,震盪,NEUTRAL,33.55,30.52,6.0,2.0,-18.0,196,622,-426,0.2396,296,524,-228,0.361,0.6278,0.5276,0.2167,0.2026,0.89,0.165,0.35,1.62,1437.65,1456.85,0.036,above_zone,0,weak,70,bull,,,0.7,0,0,1,30.8,0.0262,10914565977.0,0,0.0067,-0.0168,0.2081
2454,2026-01-08,77.0,63.1,震盪,NEUTRAL,25.64,29.9,16.0,18.0,-2.0,310,507,-197,0.3794,353,467,-114,0.4305,0.5411,0.5005,0.2119,0.2004,1.48,0.245,0.4,1.59,1437.89,1456.86,0.005,inside_zone,0,weak,70,bull,,,0.7,0,0,1,30.8,0.0282,11190397895.75,0,0.0311,0.0277,0.2249
2454,2026-01-09,60.0,54.4,震盪,NEUTRAL,27.13,29.21,0.0,21.0,-2.0,457,360,97,0.5594,514,306,208,0.6268,0.4421,0.4333,0.2119,0.1981,1.35,0.193,0.45,1.49,1437.2,1456.83,-0.012,below_zone,0,weak,70,bull,,,0.7,0,0,0,24.0,0.0287,11129875667.75,1,0.0599,0.1479,0.2042
2454,2026-01-12,62.0,55.4,震盪,FADING,25.82,29.93,0.0,21.0,-2.0,620,197,423,0.7589,426,394,32,0.5195,0.3089,0.4652,0.202,0.1959,0.77,-0.075,0.4,1.54,1441.02,1457.32,0.003,inside_zone,0,weak,70,bull,,,0.7,0,0,0,24.8,0.0273,10756917993.25,0,0.0277,0.2249,0.2664
2454,2026-01-13,80.0,64.6,震盪,NEUTRAL,40.07,34.58,0.0,22.0,-2.0,351,465,-114,0.4301,311,509,-198,0.3793,0.5624,0.5285,0.1954,0.2014,0.2,-0.209,0.4,1.62,1443.1,1460.48,0.029,above_zone,0,weak,70,bull,,,0.7,0,0,1,32.0,0.0268,11170652246.75,0,0.0,0.1953,0.2424
2454,2026-01-14,79.0,64.1,震盪,NEUTRAL,47.61,36.01,0.0,16.0,-2.0,304,513,-209,0.3721,311,509,-198,0.3793,0.5922,0.5355,0.2153,0.2108,0.4,-0.355,0.4,1.63,1448.05,1461.67,0.036,above_zone,0,weak,70,bull,,,0.7,0,0,1,31.6,0.025,10942669859.75,0,-0.0233,0.1867,0.2367
2454,2026-01-15,77.0,63.1,震盪,NEUTRAL,51.83,36.4,0.0,0.0,-4.0,153,662,-509,0.1877,315,504,-189,0.3846,0.6892,0.5459,0.2153,0.2195,0.93,-0.149,0.4,1.61,1449.5,1467.18,0.028,above_zone,0,weak,70,bull,,,0.7,0,0,1,30.8,0.025,10890858936.75,0,-0.0034,0.1946,0.2047
2454,2026-01-16,74.0,61.5,震盪,NEUTRAL,65.56,39.07,0.0,0.0,16.0,70,745,-675,0.0859,260,559,-299,0.3175,0.7649,0.5796,0.1971,0.2169,0.25,-0.039,0.4,1.64,1457.4,1492.03,0.033,above_zone,0,weak,70,bull,,,0.7,0,0,1,29.6,0.0249,11073478933.25,0,0.0831,0.1694,0.2126
2454,2026-01-19,75.0,62.0,震盪,NEUTRAL,65.62,40.64,0.0,0.0,18.0,73,742,-669,0.0896,270,550,-280,0.3293,0.7271,0.5724,0.1924,0.2122,1.21,0.188,0.45,1.62,1459.01,1477.19,0.018,above_zone,1,weak,70,bull,,,0.7,0,0,1,30.0,0.0258,11117108787.5,0,0.1919,0.1481,0.2593
2454,2026-01-20,75.0,62.0,震盪,NEUTRAL,61.17,33.56,0.0,0.0,18.0,136,677,-541,0.1673,228,590,-362,0.2787,0.6474,0.5999,0.1924,0.2098,0.63,0.072,0.4,1.68,1459.55,1480.65,0.017,above_zone,1,weak,70,bull,,,0.7,0,0,1,30.0,0.0256,11014523315.75,0,0.1953,0.2088,0.3098
2454,2026-01-21,77.0,63.1,震盪,NEUTRAL,49.2,33.92,0.0,0.0,18.0,224,591,-367,0.2748,216,602,-386,0.2641,0.5951,0.6219,0.2022,0.2043,1.32,0.103,0.4,1.71,1463.6,1480.99,0.001,inside_zone,0,weak,70,bull,,,0.7,0,0,1,30.8,0.0259,11235292287.25,0,0.215,0.2287,0.2969
2454,2026-01-22,75.0,62.0,震盪,NEUTRAL,51.79,33.94,0.0,0.0,18.0,188,629,-441,0.2301,158,660,-502,0.1932,0.6118,0.6544,0.2022,0.202,0.67,0.083,0.35,1.69,1464.26,1482.56,0.014,above_zone,0,weak,70,bull,,,0.7,0,0,1,30.0,0.0268,11463271996.5,0,0.1987,0.1919,0.2222
2454,2026-01-23,73.0,61.0,震盪,NEUTRAL,62.62,44.01,-8.0,-8.0,10.0,99,719,-620,0.121,96,722,-626,0.1174,0.7284,0.7389,0.2237,0.2122,0.24,-0.243,0.35,1.82,1474.07,1518.71,0.106,above_zone,1,weak,70,bull,,,0.7,0,0,1,29.2,0.0282,13206563391.5,0,0.0798,0.0491,0.0552
2454,2026-01-26,73.0,61.0,震盪,NEUTRAL,57.68,48.79,2.0,-6.0,12.0,91,727,-636,0.1112,80,737,-657,0.0979,0.7392,0.7531,0.2303,0.2208,0.9,-0.104,0.3,1.9,1496.12,1553.2,0.183,above_zone,1,weak,70,bull,,,0.7,0,0,1,29.2,0.0301,15171832448.0,0,-0.0367,0.0339,
2454,2026-01-27,73.0,61.0,震盪,NEUTRAL,61.6,52.38,0.0,-6.0,12.0,101,717,-616,0.1235,84,734,-650,0.1027,0.7284,0.7532,0.2165,0.2177,1.08,-0.083,0.3,1.9,1520.12,1595.46,0.168,above_zone,0,weak,70,bull,,,0.7,0,0,1,29.2,0.0307,15821678408.0,0,0.0113,0.0394,
2454,2026-01-28,73.0,61.0,震盪,NEUTRAL,59.84,51.48,0.0,-6.0,12.0,104,714,-610,0.1271,89,729,-640,0.1088,0.7036,0.7477,0.2165,0.2151,1.51,0.236,0.3,1.88,1527.06,1608.39,0.166,above_zone,0,weak,70,bull,,,0.7,0,0,1,29.2,0.0315,16435481584.0,0,0.0112,0.0421,
2454,2026-01-29,73.0,61.0,震盪,NEUTRAL,59.04,49.48,0.0,-6.0,12.0,103,715,-612,0.1259,83,735,-652,0.1015,0.7012,0.7554,0.222,0.2177,1.04,0.218,0.3,1.85,1539.43,1616.96,0.156,above_zone,0,weak,70,bull,,,0.7,0,0,1,29.2,0.0315,16872307670.0,0,-0.0056,0.0084,
2454,2026-01-30,74.0,61.5,震盪,NEUTRAL,46.6,43.98,0.0,2.0,15.0,352,464,-112,0.4314,96,722,-626,0.1174,0.5511,0.717,0.222,0.2044,1.44,0.12,0.35,1.77,1586.87,1626.04,0.109,above_zone,0,weak,70,bull,,,0.7,0,0,1,29.6,0.0308,16937032944.5,0,-0.0284,0.0369,
2454,2026-02-02,69.0,59.0,震盪,NEUTRAL,42.18,47.31,10.0,10.0,25.0,544,317,227,0.6318,166,696,-530,0.1926,0.4329,0.6799,0.2272,0.2068,1.67,0.148,0.4,1.67,1590.66,1637.37,0.072,above_zone,0,weak,70,bull,,,0.7,0,0,0,27.6,0.0324,16692478847.0,0,0.0733,0.0968,
2454,2026-02-03,69.0,59.0,震盪,FADING,35.79,55.26,-5.0,5.0,21.0,513,347,166,0.5965,119,744,-625,0.1379,0.454,0.6985,0.2272,0.2093,0.66,-0.071,0.35,1.76,1595.04,1648.42,0.125,above_zone,0,weak,70,bull,,,0.7,0,0,0,27.6,0.0329,17123143426.25,0,0.0279,0.0836,
2454,2026-02-04,69.0,59.0,震盪,NEUTRAL,36.7,55.34,0.0,5.0,15.0,516,345,171,0.5993,140,723,-583,0.1622,0.4532,0.672,0.2228,0.2072,1.51,0.037,0.4,1.71,1609.52,1653.46,0.118,above_zone,0,weak,70,bull,,,0.7,0,0,0,27.6,0.0339,17623062781.75,0,0.0306,0.0556,
2454,2026-02-05,70.0,59.5,震盪,NEUTRAL,37.05,52.89,5.0,10.0,4.0,483,380,103,0.5597,109,754,-645,0.1263,0.477,0.6892,0.2228,0.2173,0.88,-0.135,0.35,1.79,1623.73,1665.32,0.09,above_zone,0,weak,70,bull,,,0.7,0,0,1,28.0,0.0343,18410382989.0,0,0.0141,0.0254,
2454,2026-02-06,69.0,59.0,震盪,NEUTRAL,34.97,57.05,0.0,10.0,4.0,593,223,370,0.7267,137,726,-589,0.1587,0.4184,0.6743,0.1995,0.2196,2.03,0.074,0.35,2.03,1641.12,1706.43,0.042,above_zone,0,weak,70,bull,,,0.7,0,0,0,27.6,0.0364,18816577760.0,0,0.0673,0.0058,
2454,2026-02-09,73.0,61.0,震盪,NEUTRAL,37.48,57.23,0.0,0.0,4.0,268,549,-281,0.328,103,760,-657,0.1194,0.5623,0.6979,0.1695,0.2054,0.32,-0.026,0.35,2.09,1647.86,1710.4,0.111,above_zone,1,weak,70,bull,,,0.7,0,0,1,29.2,0.0376,19663727155.5,0,0.0219,,
2454,2026-02-10,73.0,61.0,震盪,NEUTRAL,42.79,53.73,0.0,5.0,4.0,319,496,-177,0.3914,128,735,-607,0.1483,0.5241,0.673,0.1643,0.1909,1.2,-0.121,0.4,1.99,1692.47,1759.02,0.09,above_zone,0,weak,70,bull,,,0.7,0,0,1,29.2,0.0375,19903201995.0,0,0.0542,,
2454,2026-02-11,74.0,61.5,震盪,NEUTRAL,39.41,52.85,0.0,5.0,4.0,269,545,-276,0.3305,117,746,-629,0.1356,0.548,0.6718,0.1643,0.1936,0.92,-0.059,0.35,1.94,1697.92,1743.92,0.093,above_zone,0,weak,70,bull,,,0.7,0,0,1,29.6,0.0387,20230239776.5,0,0.0243,,
2454,2026-02-23,67.0,58.0,震盪,FADING,29.34,44.24,0.0,0.0,4.0,504,308,196,0.6207,169,694,-525,0.1958,0.4326,0.6374,0.1742,0.1936,1.8,0.049,0.4,1.86,1685.2,1746.19,0.065,above_zone,0,weak,70,bull,,,0.7,0,0,0,26.8,0.0415,21176717743.25,0,0.0111,,
2454,2026-02-24,75.0,62.0,震盪,NEUTRAL,34.12,43.3,0.0,0.0,4.0,306,508,-202,0.3759,196,667,-471,0.2271,0.5413,0.6213,0.1643,0.1936,0.93,0.197,0.4,1.8,1707.41,1772.14,0.069,above_zone,0,weak,70,bull,,,0.7,0,0,1,30.0,0.0407,20981496299.25,0,-0.0575,,
2454,2026-02-25,70.0,59.5,震盪,NEUTRAL,28.31,43.87,0.0,0.0,4.0,453,361,92,0.5565,157,706,-549,0.1819,0.4751,0.6475,0.1825,0.2046,0.35,-0.15,0.35,1.89,1716.33,1779.26,0.09,above_zone,0,weak,70,bull,,,0.7,0,0,1,28.0,0.0397,21331914700.0,0,,,
2454,2026-02-26,73.0,61.0,震盪,NEUTRAL,33.08,43.32,0.0,0.0,4.0,296,516,-220,0.3645,143,720,-577,0.1657,0.5486,0.6511,0.1968,0.2046,0.43,-0.246,0.35,1.91,1749.55,1782.21,0.112,above_zone,1,weak,70,bull,,,0.7,0,0,1,29.2,0.0406,22263860066.75,0,,,
2454,2026-03-02,71.0,60.0,震盪,NEUTRAL,32.48,41.92,0.0,0.0,4.0,400,411,-11,0.4932,148,715,-567,0.1715,0.4966,0.6639,0.1801,0.2068,1.51,-0.119,0.35,1.89,1760.22,1814.29,0.079,above_zone,0,weak,70,bull,,,0.7,0,0,1,28.4,0.0421,22532017775.25,0,,,
2454,2026-03-03,73.0,61.0,震盪,NEUTRAL,30.66,40.28,0.0,0.0,4.0,392,422,-30,0.4816,225,638,-413,0.2607,0.5038,0.6149,0.1852,0.2013,1.7,0.263,0.4,1.79,1771.55,1823.01,0.025,inside_zone,0,weak,70,bull,,,0.7,0,0,1,29.2,0.0439,22912506265.5,0,,,
2454,2026-03-04,60.0,54.4,震盪,FADING,30.7,34.06,0.0,0.0,12.0,516,300,216,0.6324,509,354,155,0.5898,0.4123,0.4771,0.1937,0.1881,1.47,0.354,0.35,1.68,1794.07,1835.97,-0.041,below_zone,0,weak,70,bull,,,0.7,0,0,0,24.0,0.0436,21996377009.5,1,,,
2454,2026-03-05,63.0,55.9,震盪,FADING,24.36,24.42,0.0,0.0,10.0,614,202,412,0.7525,566,297,269,0.6559,0.3529,0.4472,0.1766,0.172,0.0,-0.064,0.45,1.74,1786.38,1838.52,-0.037,below_zone,0,weak,70,bull,,,0.7,0,0,0,25.2,0.0,20850724261.05263,0,,,
6239,2025-11-28,67.0,56.3,震盪,FADING,43.53,28.61,0.0,0.0,2.0,430,334,96,0.5628,693,126,567,0.8462,0.4594,0.3641,0.2169,0.1565,0.73,-0.033,0.25,1.4,162.54,165.43,-0.034,below_zone,0,weak,65,transition,,,0.7,0,0,0,26.8,0.0424,1778089536.0,1,0.0,0.0318,0.1242
6239,2025-12-01,66.0,55.8,震盪,FADING,40.17,36.17,0.0,0.0,2.0,521,243,278,0.6819,682,136,546,0.8337,0.4191,0.3602,0.2109,0.1659,1.21,0.088,0.3,1.38,159.73,164.16,-0.039,below_zone,0,weak,65,transition,,,0.7,0,0,0,26.4,0.0428,1741824232.725,1,0.0423,0.0358,0.1401
6239,2025-12-02,66.0,55.8,震盪,FADING,42.88,40.05,0.0,0.0,0.0,481,287,194,0.6263,685,133,552,0.8374,0.449,0.3756,0.1876,0.1722,0.61,0.037,0.3,1.41,159.5,163.37,-0.025,below_zone,0,weak,65,transition,,,0.7,0,0,0,26.4,0.0415,1582499934.575,1,0.0322,0.0,0.1125
6239,2025-12-03,66.0,55.8,震盪,FADING,39.64,32.53,0.0,0.0,0.0,470,306,164,0.6057,691,127,564,0.8447,0.4417,0.3598,0.1815,0.1816,0.75,-0.015,0.35,1.44,158.51,162.71,-0.0,below_zone,0,weak,65,transition,,,0.7,0,0,0,26.4,0.0396,1500565984.75,1,0.0032,0.0221,0.1577
6239,2025-12-04,65.0,55.2,震盪,FADING,39.04,32.48,0.0,0.0,0.0,559,226,333,0.7121,661,156,505,0.8091,0.4106,0.3678,0.176,0.184,1.26,0.052,0.35,1.45,155.77,162.04,0.001,inside_zone,0,weak,65,transition,,,0.7,0,0,0,26.0,0.0393,1436970565.65,1,0.0385,0.0353,0.2917
6239,2025-12-05,66.0,55.8,震盪,FADING,40.25,40.15,0.0,0.0,0.0,555,228,327,0.7088,656,162,494,0.802,0.4412,0.3891,0.176,0.1861,0.52,-0.091,0.35,1.49,155.83,161.3,0.008,inside_zone,0,weak,65,transition,,,0.7,0,0,0,26.4,0.0376,1375634178.25,1,0.0318,0.0127,0.2994
6239,2025-12-08,67.0,56.3,震盪,FADING,38.38,41.57,0.0,0.0,0.0,488,290,198,0.6272,640,177,463,0.7834,0.4786,0.4099,0.1858,0.1928,1.1,0.062,0.3,1.51,156.01,160.92,0.026,inside_zone,0,weak,65,transition,,,0.7,0,0,0,26.8,0.0356,1292112537.25,0,-0.0063,0.075,0.2844
6239,2025-12-09,64.0,54.7,震盪,FADING,36.1,43.34,0.0,0.0,0.0,504,287,217,0.6372,617,200,417,0.7552,0.4518,0.4426,0.2026,0.2051,0.97,0.01,0.25,1.55,156.39,160.88,0.026,inside_zone,1,weak,65,transition,,,0.7,0,0,0,25.6,0.0338,1212546533.275,0,-0.0312,0.0218,0.2648
6239,2025-12-10,64.0,54.7,震盪,FADING,36.16,42.7,0.0,0.0,0.0,548,226,322,0.708,617,199,418,0.7561,0.4245,0.4431,0.2026,0.2094,1.07,-0.012,0.25,1.55,156.36,159.26,0.017,inside_zone,0,weak,65,transition,,,0.7,0,0,0,25.6,0.0336,1185890941.525,0,0.0189,0.0346,0.2579
6239,2025-12-11,72.0,58.8,震盪,NEUTRAL,39.12,47.99,0.0,0.0,15.0,439,336,103,0.5665,536,279,257,0.6577,0.5079,0.4844,0.1927,0.2072,0.65,0.009,0.2,1.46,156.27,158.73,0.037,above_zone,0,weak,65,transition,,,0.7,0,0,1,28.8,0.0318,1094225563.625,0,-0.0031,0.0802,0.358
6239,2025-12-12,60.0,52.7,震盪,FADING,30.67,48.9,0.0,0.0,8.0,444,335,109,0.57,530,287,243,0.6487,0.4801,0.4825,0.1987,0.21,0.94,-0.094,0.2,1.49,156.26,158.88,0.037,above_zone,0,weak,65,transition,,,0.7,0,0,0,24.0,0.0315,1066149033.725,0,-0.0185,0.0895,0.4938
6239,2025-12-15,64.0,54.7,震盪,FADING,45.07,51.68,0.0,0.0,0.0,404,374,30,0.5193,548,267,281,0.6724,0.4941,0.4674,0.194,0.1999,0.96,-0.035,0.2,1.48,156.93,159.47,0.013,inside_zone,1,weak,65,transition,,,0.7,0,0,0,25.6,0.0318,1047271222.7,0,0.0818,0.1006,0.5818
6239,2025-12-16,62.0,53.7,震盪,NEUTRAL,41.67,50.43,0.0,0.0,0.0,442,338,104,0.5667,557,252,305,0.6885,0.4841,0.4605,0.194,0.1939,1.28,0.059,0.25,1.47,155.87,159.47,-0.002,below_zone,0,weak,65,transition,,,0.7,0,0,0,24.8,0.0334,1042195322.275,1,0.0547,0.1125,0.6559
6239,2025-12-17,71.0,58.3,震盪,NEUTRAL,54.66,50.41,0.0,0.0,0.0,278,507,-229,0.3541,481,329,152,0.5938,0.5389,0.4844,0.2056,0.1939,0.41,-0.016,0.25,1.52,157.61,158.28,0.028,above_zone,0,weak,65,transition,,,0.7,0,0,1,28.4,0.0321,1063083052.975,0,0.0154,0.1327,0.6235
6239,2025-12-18,73.0,59.3,震盪,NEUTRAL,64.16,48.93,0.0,0.0,0.0,359,423,-64,0.4591,519,290,229,0.6415,0.5101,0.4823,0.2155,0.1913,1.1,-0.025,0.25,1.5,157.67,159.24,0.024,above_zone,0,weak,65,transition,,,0.7,0,0,1,29.2,0.0308,1078947146.45,0,0.0836,0.2477,0.6254
6239,2025-12-19,60.0,52.7,震盪,NEUTRAL,65.81,52.55,0.0,0.0,0.0,435,351,84,0.5534,524,281,243,0.6509,0.4915,0.4755,0.2155,0.1959,1.43,0.068,0.25,1.47,158.1,159.32,0.006,inside_zone,0,weak,65,transition,,,0.7,0,0,0,24.0,0.0318,1096865408.6,0,0.1101,0.283,0.5818
6239,2025-12-22,78.0,61.9,震盪,NEUTRAL,56.58,48.76,-54.0,-54.0,-54.0,196,605,-409,0.2447,332,479,-147,0.4094,0.5639,0.5299,0.2039,0.2006,0.39,-0.088,0.3,1.52,159.41,161.45,0.079,above_zone,1,weak,65,transition,,,0.7,0,0,1,31.2,0.0324,1242006023.5,0,0.0174,0.1948,0.3924
6239,2025-12-23,72.0,58.8,震盪,NEUTRAL,48.46,47.36,8.0,-46.0,-46.0,377,425,-48,0.4701,481,331,150,0.5924,0.5094,0.479,0.1947,0.1963,1.89,0.227,0.3,1.89,159.42,161.61,0.029,above_zone,0,weak,65,transition,,,0.7,0,0,1,28.8,0.0355,1335542880.5,0,0.0549,0.2378,0.5701
6239,2025-12-24,60.0,52.7,震盪,FADING,39.39,47.03,0.0,-46.0,-46.0,483,318,165,0.603,512,303,209,0.6282,0.4593,0.4775,0.1862,0.19,1.13,0.059,0.25,1.85,159.49,161.76,0.031,above_zone,0,weak,65,transition,,,0.7,0,0,0,24.0,0.0357,1385578001.125,0,0.1155,0.2158,0.4985
6239,2025-12-26,82.0,63.9,震盪,NEUTRAL,33.21,43.32,-16.0,-62.0,-62.0,367,443,-76,0.4531,429,382,47,0.529,0.5167,0.5018,0.1746,0.19,0.72,-0.057,0.3,1.87,159.78,164.59,0.095,above_zone,1,weak,65,transition,,,0.7,0,0,1,32.8,0.0374,1651175372.6,0,0.1514,0.2571,0.4714
6239,2025-12-29,73.0,59.3,震盪,NEUTRAL,32.59,35.53,-8.0,-70.0,-70.0,346,465,-119,0.4266,429,384,45,0.5277,0.5461,0.4995,0.1845,0.1874,1.14,0.041,0.25,1.84,159.99,165.0,0.103,above_zone,0,weak,65,transition,,,0.7,0,0,1,29.2,0.0384,1766610322.75,0,0.1558,0.3711,0.4929
6239,2025-12-30,69.0,57.3,震盪,FADING,24.25,41.71,2.0,-14.0,-68.0,507,298,209,0.6298,403,409,-6,0.4963,0.4036,0.5071,0.169,0.1851,1.12,-0.148,0.25,1.87,160.27,165.51,0.092,above_zone,1,weak,65,transition,,,0.7,0,0,0,27.6,0.0383,1781941229.525,0,0.1743,0.4371,0.4943
6239,2025-12-31,72.0,58.8,震盪,NEUTRAL,31.61,34.87,0.0,-22.0,-68.0,376,431,-55,0.4659,431,383,48,0.5295,0.5243,0.497,0.1476,0.1778,1.31,0.08,0.25,1.81,160.78,166.18,0.076,above_zone,0,weak,65,transition,,,0.7,0,0,1,28.8,0.039,1833241185.025,0,0.1734,0.4884,0.4769
6239,2026-01-02,78.0,61.9,震盪,NEUTRAL,35.37,37.68,-18.0,-40.0,-86.0,228,584,-356,0.2808,319,496,-177,0.3914,0.6754,0.5374,0.1377,0.1731,0.36,-0.053,0.25,1.85,163.35,173.96,0.123,above_zone,1,weak,65,transition,,,0.7,0,0,1,31.2,0.0387,1962898661.9,0,0.0899,0.4332,0.3842
6239,2026-01-05,75.0,60.4,震盪,NEUTRAL,38.24,43.42,6.0,-18.0,-80.0,160,653,-493,0.1968,186,633,-447,0.2271,0.7104,0.6011,0.1326,0.1754,0.37,-0.249,0.35,1.96,165.78,190.68,0.215,above_zone,1,weak,65,transition,,,0.7,0,0,1,30.0,0.0386,2244996204.9,0,0.0918,0.3027,0.2134
6239,2026-01-06,76.0,60.9,震盪,NEUTRAL,32.77,35.28,0.0,-10.0,-80.0,201,613,-412,0.2469,221,597,-376,0.2702,0.7111,0.5866,0.1274,0.1729,1.25,-0.077,0.3,1.89,166.72,196.85,0.224,above_zone,1,weak,65,transition,,,0.7,0,0,1,30.4,0.0402,2608272359.9,0,0.1863,0.2328,0.2598
6239,2026-01-07,77.0,61.4,震盪,NEUTRAL,35.72,34.52,0.0,-12.0,-80.0,237,576,-339,0.2915,257,562,-305,0.3138,0.6432,0.5747,0.1318,0.1628,1.33,0.082,0.3,1.88,165.87,196.88,0.239,above_zone,0,weak,65,transition,,,0.7,0,0,1,30.8,0.0416,2842109577.1,0,0.2238,0.1655,0.2287
6239,2026-01-08,77.0,61.4,震盪,NEUTRAL,41.83,41.62,0.0,-12.0,-80.0,209,606,-397,0.2564,240,579,-339,0.293,0.6488,0.576,0.1404,0.1605,0.86,0.196,0.3,1.9,173.38,201.54,0.171,above_zone,0,weak,65,transition,,,0.7,0,0,1,30.8,0.0431,2932177587.575,0,0.2685,0.2685,0.202
6239,2026-01-09,78.0,61.9,震盪,NEUTRAL,37.89,36.94,6.0,12.0,-74.0,273,542,-269,0.335,225,594,-369,0.2747,0.5948,0.5915,0.1404,0.1652,1.01,0.09,0.3,1.91,174.16,201.69,0.148,inside_zone,0,weak,65,transition,,,0.7,0,0,1,31.2,0.0457,3081718832.125,0,0.315,0.2325,0.1975
6239,2026-01-12,74.0,59.8,震盪,NEUTRAL,38.18,36.86,-6.0,0.0,-80.0,320,490,-170,0.3951,192,627,-435,0.2344,0.5171,0.6131,0.1261,0.1529,0.48,-0.194,0.35,1.93,178.89,198.96,0.23,above_zone,1,weak,65,transition,,,0.7,0,0,1,29.6,0.0448,3320590930.025,0,0.1932,0.1705,0.1045
6239,2026-01-13,75.0,60.4,震盪,NEUTRAL,44.91,39.12,-2.0,-2.0,-82.0,160,657,-497,0.1958,140,678,-538,0.1711,0.656,0.6501,0.1261,0.1529,0.34,-0.255,0.4,2.0,184.13,224.31,0.314,above_zone,1,weak,65,transition,,,0.7,0,0,1,30.0,0.044,3717965492.625,0,0.0393,0.0888,-0.0083
6239,2026-01-14,74.0,59.8,震盪,NEUTRAL,49.12,38.14,-8.0,-10.0,-90.0,133,684,-551,0.1628,138,679,-541,0.1689,0.6985,0.6629,0.1308,0.1479,1.04,-0.045,0.4,1.99,191.14,216.16,0.316,above_zone,2,watch,65,transition,,,0.7,0,0,1,29.6,0.0438,4240736833.9,0,-0.0477,0.0398,-0.0338
6239,2026-01-15,73.0,59.3,震盪,NEUTRAL,39.98,41.87,2.0,-8.0,-88.0,113,703,-590,0.1385,115,704,-589,0.1404,0.6998,0.7171,0.1407,0.1424,0.63,-0.036,0.4,2.07,193.14,216.28,0.333,above_zone,1,weak,65,transition,,,0.7,0,0,1,29.2,0.0428,4382606481.6,0,0.0,-0.0078,-0.033
6239,2026-01-16,74.0,59.8,震盪,NEUTRAL,39.72,34.24,2.0,-12.0,-86.0,125,687,-562,0.1539,126,693,-567,0.1538,0.6911,0.714,0.164,0.151,1.1,0.146,0.4,2.0,198.26,218.62,0.327,above_zone,1,weak,65,transition,,,0.7,0,0,1,29.6,0.0431,4537496147.75,0,-0.0627,-0.0342,-0.0209
6239,2026-01-19,76.0,60.9,震盪,NEUTRAL,33.88,30.02,2.0,-4.0,-84.0,221,589,-368,0.2728,148,670,-522,0.1809,0.6405,0.6982,0.164,0.1486,1.54,0.248,0.4,1.96,205.58,226.15,0.277,above_zone,0,weak,65,transition,,,0.7,0,0,1,30.4,0.0447,4739117810.975,0,-0.019,-0.0686,-0.0171
6239,2026-01-20,75.0,60.4,震盪,NEUTRAL,29.0,27.4,56.0,54.0,-28.0,393,419,-26,0.484,136,681,-545,0.1665,0.5352,0.7104,0.164,0.1439,1.21,0.13,0.4,1.99,210.12,226.54,0.197,above_zone,1,weak,65,transition,,,0.7,0,0,1,30.0,0.0471,4901611329.025,0,0.0477,0.0219,0.0258
6239,2026-01-21,77.0,61.4,震盪,NEUTRAL,41.55,34.3,20.0,82.0,46.0,411,400,11,0.5068,166,649,-483,0.2037,0.5338,0.6631,0.1855,0.1562,1.28,0.153,0.3,1.9,213.42,229.95,0.122,above_zone,0,weak,65,transition,,,0.7,0,0,1,30.8,0.0506,4981383047.075,0,0.0919,0.0543,0.0564
6239,2026-01-22,73.0,59.3,震盪,NEUTRAL,36.72,34.78,0.0,80.0,38.0,409,401,8,0.5049,117,702,-585,0.1429,0.5187,0.7071,0.1756,0.1602,0.76,-0.093,0.45,1.59,218.84,232.16,0.177,above_zone,0,weak,65,transition,,,0.7,0,0,1,29.2,0.0501,5206858747.975,0,-0.0078,-0.0524,-0.1029
6239,2026-01-23,69.0,57.3,震盪,FADING,37.24,30.92,2.0,80.0,40.0,469,342,127,0.5783,130,689,-559,0.1587,0.4738,0.682,0.1848,0.1578,1.6,-0.039,0.4,1.6,222.62,232.53,0.107,above_zone,0,weak,65,transition,,,0.7,0,0,0,27.6,0.0534,5323386705.075,0,0.0304,-0.0284,-0.1197
6239,2026-01-26,71.0,58.3,震盪,NEUTRAL,43.89,32.24,0.0,78.0,56.0,382,430,-48,0.4704,148,669,-521,0.1812,0.4989,0.6403,0.1946,0.1578,1.01,-0.009,0.35,1.58,225.16,241.18,0.144,above_zone,0,weak,65,transition,,,0.7,0,0,1,28.4,0.0511,5216029374.325,0,-0.0505,-0.0563,
6239,2026-01-27,71.0,58.3,震盪,NEUTRAL,34.76,30.27,-6.0,16.0,58.0,398,411,-13,0.492,154,663,-509,0.1885,0.4981,0.6435,0.2053,0.1651,1.05,-0.028,0.35,1.6,229.16,253.65,0.15,above_zone,0,weak,65,transition,,,0.7,0,0,1,28.4,0.0527,5431934062.875,0,-0.0247,-0.0892,
6239,2026-01-28,69.0,57.3,震盪,FADING,16.39,29.07,4.0,0.0,60.0,608,205,403,0.7478,225,593,-368,0.2751,0.3362,0.5987,0.1954,0.1651,1.93,0.191,0.35,1.93,232.25,254.52,0.126,above_zone,0,weak,65,transition,,,0.7,0,0,0,27.6,0.0564,5921203612.85,0,-0.0344,-0.0707,
6239,2026-01-29,70.0,57.8,震盪,NEUTRAL,19.86,29.92,4.0,4.0,64.0,668,144,524,0.8227,201,615,-414,0.2463,0.338,0.6041,0.163,0.163,1.23,0.033,0.35,1.95,235.17,255.15,0.086,above_zone,0,weak,65,transition,,,0.7,0,0,1,28.0,0.06,6137098512.075,0,-0.045,-0.0254,
6239,2026-01-30,70.0,57.8,震盪,NEUTRAL,19.81,29.07,0.0,2.0,82.0,616,195,421,0.7596,258,560,-302,0.3154,0.3794,0.5783,0.1737,0.168,1.11,0.053,0.3,1.87,235.11,254.71,0.08,inside_zone,0,weak,65,transition,,,0.7,0,0,1,28.0,0.0598,6141564481.075,0,-0.0571,0.0138,
6239,2026-02-02,70.0,57.8,震盪,NEUTRAL,23.6,29.14,4.0,6.0,80.0,639,214,425,0.7491,355,503,-148,0.4138,0.3927,0.5474,0.1835,0.1705,1.01,-0.06,0.2,1.81,237.67,254.52,0.029,inside_zone,0,weak,65,transition,,,0.7,0,0,1,28.0,0.0622,5962340468.925,0,-0.0061,0.0552,
6239,2026-02-03,69.0,57.3,震盪,FADING,32.37,30.46,0.0,12.0,80.0,597,257,340,0.6991,305,557,-252,0.3538,0.4364,0.5722,0.1719,0.1752,0.59,-0.27,0.25,1.87,242.59,254.79,0.059,above_zone,0,weak,65,transition,,,0.7,0,0,0,27.6,0.0603,5771484197.225,0,-0.0661,0.0039,
6239,2026-02-04,79.0,62.4,震盪,NEUTRAL,42.27,30.76,0.0,8.0,80.0,418,431,-13,0.4923,306,555,-249,0.3554,0.5346,0.5754,0.1675,0.1731,1.48,0.014,0.25,1.85,245.69,256.59,0.028,inside_zone,0,weak,65,transition,,,0.7,0,0,1,31.6,0.061,5590711107.15,0,-0.0376,0.002,
6239,2026-02-05,79.0,62.4,震盪,NEUTRAL,27.19,30.57,0.0,4.0,80.0,400,451,-51,0.47,318,542,-224,0.3698,0.5546,0.567,0.1675,0.1706,1.15,0.059,0.25,1.82,247.37,256.08,-0.014,below_zone,0,weak,65,transition,,,0.7,0,0,1,31.6,0.0638,5565289336.05,1,0.0205,-0.0533,
6239,2026-02-06,79.0,62.4,震盪,FADING,29.35,30.28,0.0,4.0,74.0,360,444,-84,0.4478,332,527,-195,0.3865,0.5434,0.565,0.1675,0.1774,0.85,0.023,0.25,1.82,245.21,256.41,-0.023,below_zone,0,weak,65,transition,,,0.7,0,0,1,31.6,0.0637,5516941674.925,1,0.0752,-0.0939,
6239,2026-02-09,78.0,61.9,震盪,FADING,40.51,30.8,0.0,0.0,80.0,355,448,-93,0.4421,389,473,-84,0.4513,0.5202,0.5623,0.1569,0.1797,0.84,-0.005,0.2,1.79,245.79,257.22,-0.011,below_zone,0,weak,65,transition,,,0.7,0,0,1,31.2,0.0608,5344814937.825,1,0.0617,,
6239,2026-02-10,60.0,52.7,震盪,FADING,42.03,30.43,0.0,0.0,82.0,494,311,183,0.6137,528,333,195,0.6132,0.463,0.4926,0.1569,0.1774,1.06,-0.09,0.2,1.72,246.7,256.06,-0.027,below_zone,0,weak,65,transition,,,0.7,0,0,0,24.0,0.0608,4966548127.025,1,0.075,,
6239,2026-02-11,73.0,59.3,震盪,FADING,41.33,27.89,0.0,0.0,90.0,393,403,-10,0.4937,546,316,230,0.6334,0.5227,0.4791,0.1569,0.1706,0.77,-0.038,0.2,1.73,246.4,254.52,-0.014,below_zone,0,weak,65,transition,,,0.7,0,0,1,29.2,0.0591,4433627588.5,1,0.0412,,
6239,2026-02-23,71.0,58.3,震盪,NEUTRAL,49.62,27.87,-11.0,-11.0,77.0,389,407,-18,0.4887,591,270,321,0.6864,0.5131,0.4549,0.1414,0.1573,0.91,0.021,0.2,1.69,246.42,257.85,0.01,inside_zone,0,weak,65,transition,,,0.7,0,0,1,28.4,0.0582,4368459372.975,1,-0.0723,,
6239,2026-02-24,73.0,59.3,震盪,NEUTRAL,47.19,26.19,-11.0,-22.0,64.0,315,486,-171,0.3933,578,283,295,0.6713,0.5668,0.48,0.153,0.1653,0.53,-0.069,0.2,1.72,246.31,257.7,0.045,inside_zone,1,weak,65,transition,,,0.7,0,0,1,29.2,0.0561,4279578648.65,0,-0.1573,,
6239,2026-02-25,72.0,58.8,震盪,NEUTRAL,41.47,24.98,18.0,-4.0,80.0,327,471,-144,0.4098,531,330,201,0.6167,0.5447,0.4933,0.1646,0.1754,0.84,-0.074,0.15,1.77,246.14,257.38,0.048,above_zone,1,weak,65,transition,,,0.7,0,0,1,28.8,0.0546,4152336674.3,0,,,
6239,2026-02-26,71.0,58.3,震盪,NEUTRAL,49.04,24.06,0.0,-4.0,24.0,279,522,-243,0.3483,529,332,197,0.6144,0.5533,0.4927,0.1789,0.1699,0.91,0.011,0.15,1.78,246.18,257.76,0.048,above_zone,1,weak,65,transition,,,0.7,0,0,1,28.4,0.0551,4064274079.2,0,,,
6239,2026-03-02,72.0,58.8,震盪,NEUTRAL,48.83,25.95,2.0,-2.0,6.0,302,494,-192,0.3794,528,332,196,0.614,0.5404,0.477,0.1896,0.1773,1.06,0.053,0.15,1.79,246.42,259.99,0.027,inside_zone,0,weak,65,transition,,,0.7,0,0,1,28.8,0.0533,3893664052.6,0,,,
6239,2026-03-03,69.0,57.3,震盪,NEUTRAL,53.29,26.42,2.0,11.0,8.0,436,365,71,0.5443,607,254,353,0.705,0.5033,0.4403,0.1951,0.1823,1.46,0.205,0.2,1.72,242.94,259.2,-0.049,below_zone,1,weak,65,transition,,,0.7,0,0,0,27.6,0.0608,3729327395.6,1,,,
6239,2026-03-04,64.0,54.7,震盪,FADING,40.41,29.99,0.0,22.0,6.0,467,337,130,0.5808,562,299,263,0.6527,0.4977,0.4863,0.2003,0.1823,0.87,0.065,0.15,1.77,244.08,252.71,-0.111,below_zone,1,weak,65,transition,,,0.7,0,0,0,25.6,0.0662,3721250960.175,1,,,
6239,2026-03-05,61.0,53.2,震盪,FADING,50.66,30.2,0.0,4.0,6.0,494,311,183,0.6137,570,291,279,0.662,0.4896,0.4917,0.1879,0.1692,0.0,-0.206,0.15,1.85,243.61,252.66,-0.109,below_zone,0,weak,65,transition,,,0.7,0,0,0,24.4,0.0,3719662212.8157897,0,,,
6805,2025-11-28,72.0,58.8,震盪,NEUTRAL,30.71,28.76,0.0,0.0,0.0,304,457,-153,0.3995,486,303,183,0.616,0.5466,0.472,0.2001,0.1566,0.77,-0.141,0.25,1.4,1451.7,1480.81,0.081,above_zone,1,weak,65,transition,,,0.7,0,0,1,28.8,0.061,3851567983.25,0,-0.0127,0.0223,0.0287
6805,2025-12-01,72.0,58.8,震盪,NEUTRAL,32.21,29.03,0.0,0.0,0.0,295,465,-170,0.3882,471,321,150,0.5947,0.5347,0.465,0.195,0.1589,0.96,-0.047,0.25,1.4,1471.94,1513.4,0.077,above_zone,0,weak,65,transition,,,0.7,0,0,1,28.8,0.0621,3873518178.0,0,-0.0095,-0.0221,0.0252
6805,2025-12-02,71.0,58.3,震盪,NEUTRAL,40.21,28.53,0.0,0.0,0.0,253,515,-262,0.3294,469,320,149,0.5944,0.5585,0.4552,0.2049,0.1613,0.9,0.055,0.25,1.4,1473.72,1513.4,0.052,above_zone,1,weak,65,transition,,,0.7,0,0,1,28.4,0.0639,3895461610.5,0,-0.029,-0.0452,0.0484
6805,2025-12-03,70.0,57.8,震盪,NEUTRAL,40.37,28.78,0.0,0.0,0.0,233,528,-295,0.3062,433,359,74,0.5467,0.5807,0.4655,0.2096,0.1676,0.69,0.043,0.25,1.44,1484.73,1534.42,0.074,above_zone,0,weak,65,transition,,,0.7,0,0,1,28.0,0.063,3873975481.25,0,-0.0376,-0.0909,-0.0376
6805,2025-12-04,59.0,52.2,震盪,FADING,24.57,28.69,0.0,0.0,0.0,392,371,21,0.5138,464,331,133,0.5836,0.479,0.4687,0.2096,0.1716,1.28,0.071,0.25,1.41,1489.52,1579.93,0.031,inside_zone,0,weak,65,transition,,,0.7,0,0,0,23.6,0.0686,4115771681.25,0,0.0358,-0.0554,-0.0293
6805,2025-12-05,59.0,52.2,震盪,FADING,28.33,28.16,0.0,0.0,0.0,423,328,95,0.5632,413,384,29,0.5182,0.4712,0.4811,0.2152,0.1789,0.86,0.01,0.3,1.45,1493.21,1580.54,0.038,inside_zone,0,weak,65,transition,,,0.7,0,0,0,23.6,0.0684,4204961556.25,0,0.0355,-0.0032,-0.0516
6805,2025-12-08,58.0,51.7,震盪,FADING,32.32,28.37,0.0,0.0,0.0,404,343,61,0.5408,413,386,27,0.5169,0.4687,0.47,0.2101,0.1812,0.71,-0.031,0.35,1.48,1496.89,1574.71,0.049,inside_zone,1,weak,65,transition,,,0.7,0,0,0,23.2,0.0656,4131841874.5,0,-0.0127,-0.0159,-0.1051
6805,2025-12-09,63.0,54.2,震盪,FADING,24.98,27.02,0.0,0.0,0.0,564,194,370,0.7441,557,244,313,0.6954,0.3625,0.4212,0.1917,0.1772,1.77,0.16,0.25,1.77,1507.11,1574.71,-0.001,below_zone,0,weak,65,transition,,,0.7,0,0,0,25.2,0.0656,3966268444.0,0,-0.0166,0.0631,-0.093
6805,2025-12-10,62.0,53.7,震盪,FADING,25.99,23.65,0.0,0.0,0.0,547,212,335,0.7207,513,282,231,0.6453,0.3744,0.4185,0.1636,0.1749,0.73,-0.017,0.25,1.82,1498.43,1574.71,0.024,inside_zone,0,weak,65,transition,,,0.7,0,0,0,24.8,0.0594,3526649762.75,0,-0.0554,0.0326,-0.1107
6805,2025-12-11,69.0,57.3,震盪,FADING,32.35,29.65,0.0,0.0,0.0,371,372,-1,0.4993,411,382,29,0.5183,0.5063,0.4779,0.1636,0.1804,0.45,-0.081,0.3,1.89,1509.64,1574.71,0.053,above_zone,0,weak,65,transition,,,0.7,0,0,0,27.6,0.0569,3627505214.5,0,-0.0881,0.0094,-0.1635
6805,2025-12-12,64.0,54.7,震盪,FADING,25.06,23.82,0.0,0.0,0.0,373,376,-3,0.498,406,385,21,0.5133,0.4978,0.4853,0.1687,0.1828,0.91,-0.108,0.3,1.91,1511.82,1574.71,0.062,above_zone,0,weak,65,transition,,,0.7,0,0,0,25.6,0.0558,3701161837.0,0,-0.0374,0.0062,-0.1931
6805,2025-12-15,60.0,52.7,震盪,FADING,25.58,24.64,0.0,0.0,0.0,471,289,182,0.6197,464,330,134,0.5844,0.4626,0.4812,0.1545,0.1761,1.48,-0.058,0.35,1.84,1514.65,1552.98,0.023,inside_zone,1,weak,65,transition,,,0.7,0,0,0,24.0,0.0581,3699365202.25,0,-0.0032,0.0484,-0.1613
6805,2025-12-16,73.0,59.3,震盪,NEUTRAL,24.84,22.91,0.0,0.0,0.0,342,424,-82,0.4465,487,310,177,0.611,0.5825,0.4531,0.1545,0.1783,1.53,0.263,0.3,1.79,1484.27,1556.95,-0.003,below_zone,0,weak,65,transition,,,0.7,0,0,1,29.2,0.0628,3698043327.0,1,0.0811,0.098,-0.1351
6805,2025-12-17,62.0,53.7,震盪,FADING,25.89,22.17,0.0,0.0,0.0,410,347,63,0.5416,518,277,241,0.6516,0.4745,0.4248,0.1699,0.1856,1.24,0.231,0.35,1.73,1484.2,1574.21,-0.023,below_zone,0,weak,65,transition,,,0.7,0,0,0,24.8,0.0622,3602346308.5,1,0.0931,0.0586,-0.0897
6805,2025-12-18,62.0,53.7,震盪,FADING,28.25,22.05,0.0,0.0,0.0,565,197,368,0.7415,481,319,162,0.6012,0.3407,0.4601,0.1545,0.1856,0.9,-0.005,0.3,1.77,1539.26,1574.21,-0.058,below_zone,0,weak,65,transition,,,0.7,0,0,0,24.8,0.0588,3498180846.0,1,0.1069,0.0276,-0.1172
6805,2025-12-19,61.0,53.2,震盪,FADING,27.34,24.45,0.0,0.0,0.0,528,214,314,0.7116,435,358,77,0.5485,0.3643,0.4779,0.1497,0.181,0.56,-0.25,0.35,1.85,1522.66,1562.76,0.015,inside_zone,1,weak,65,transition,,,0.7,0,0,0,24.4,0.0545,3462766118.0,0,0.0453,-0.0485,-0.1683
6805,2025-12-22,61.0,53.2,震盪,FADING,21.62,24.41,0.0,0.0,0.0,504,234,270,0.6829,447,349,98,0.5616,0.3925,0.4724,0.1737,0.1836,1.0,-0.197,0.3,1.87,1523.05,1572.62,0.014,inside_zone,1,weak,65,transition,,,0.7,0,0,0,24.4,0.0542,3453540181.0,0,0.0518,-0.0906,-0.1683
6805,2025-12-23,80.0,62.9,震盪,NEUTRAL,38.45,24.24,0.0,0.0,0.0,260,472,-212,0.3552,344,458,-114,0.4289,0.5805,0.523,0.1693,0.1768,0.4,-0.195,0.25,1.95,1545.11,1574.82,0.036,above_zone,0,weak,65,transition,,,0.7,0,0,1,32.0,0.0516,3407007265.0,0,0.0156,-0.1469,-0.1187
6805,2025-12-24,79.0,62.4,震盪,NEUTRAL,32.57,31.4,0.0,0.0,0.0,263,479,-216,0.3544,368,434,-66,0.4589,0.5767,0.5088,0.1525,0.1658,1.15,0.013,0.25,1.93,1548.3,1576.79,0.024,above_zone,0,weak,65,transition,,,0.7,0,0,1,31.6,0.0516,3413291514.0,0,-0.0315,-0.1388,-0.1293
6805,2025-12-26,70.0,57.8,震盪,NEUTRAL,32.05,23.82,0.0,0.0,0.0,224,521,-297,0.3007,416,377,39,0.5246,0.6003,0.4793,0.1474,0.1579,0.52,-0.003,0.25,1.94,1545.26,1583.75,0.039,above_zone,0,weak,65,transition,,,0.7,0,0,1,28.0,0.0484,3269056708.5,0,-0.0717,-0.1713,-0.1215
6805,2025-12-29,72.0,58.8,震盪,NEUTRAL,37.5,30.33,0.0,0.0,0.0,218,521,-303,0.295,389,399,-10,0.4937,0.5952,0.4958,0.1566,0.1579,0.38,-0.124,0.25,1.98,1551.17,1584.02,0.041,above_zone,0,weak,65,transition,,,0.7,0,0,1,28.8,0.0481,3219895643.75,0,-0.0898,-0.1981,-0.1207
6805,2025-12-30,78.0,61.9,震盪,NEUTRAL,46.78,35.98,0.0,0.0,0.0,169,569,-400,0.229,367,423,-56,0.4646,0.6538,0.5302,0.1733,0.1633,0.59,-0.048,0.3,2.03,1557.61,1584.19,0.043,above_zone,0,weak,65,transition,,,0.7,0,0,1,31.2,0.0462,3137561942.0,0,-0.1354,-0.2,-0.0831
6805,2025-12-31,81.0,63.4,震盪,NEUTRAL,38.69,22.62,0.0,0.0,0.0,287,440,-153,0.3948,401,382,19,0.5121,0.5392,0.5169,0.1733,0.1684,1.01,-0.036,0.3,2.03,1561.39,1586.71,0.041,above_zone,1,weak,65,transition,,,0.7,0,0,1,32.4,0.0458,3137707079.5,0,-0.16,-0.2123,-0.0862
6805,2026-01-02,60.0,52.7,震盪,FADING,30.6,17.97,0.0,0.0,0.0,453,310,143,0.5937,501,296,205,0.6286,0.3962,0.4548,0.1689,0.1663,1.81,0.316,0.3,1.92,1559.62,1586.36,-0.016,below_zone,2,watch,65,transition,,,0.7,0,0,0,24.0,0.0493,3153233956.0,1,-0.1107,-0.1401,-0.0717
6805,2026-01-05,62.0,53.7,震盪,FADING,42.14,25.27,0.0,0.0,0.0,531,247,284,0.6825,511,289,222,0.6388,0.3426,0.4252,0.1689,0.159,1.64,0.378,0.3,1.9,1547.35,1580.99,-0.037,below_zone,0,weak,65,transition,,,0.7,0,0,0,24.8,0.0471,2914865288.5,1,-0.1074,-0.1409,-0.057
6805,2026-01-06,63.0,54.2,震盪,FADING,11.39,25.08,0.0,0.0,0.0,598,183,415,0.7657,540,260,280,0.675,0.2318,0.3928,0.1534,0.1568,1.72,0.305,0.35,1.81,1548.47,1581.11,-0.051,below_zone,0,weak,65,transition,,,0.7,0,0,0,25.2,0.0471,2792622460.0,1,-0.119,-0.1259,0.0442
6805,2026-01-07,64.0,54.7,震盪,FADING,9.66,24.15,0.0,0.0,0.0,649,145,504,0.8174,576,226,350,0.7182,0.2216,0.3735,0.1626,0.163,1.63,0.154,0.4,1.73,1540.32,1580.16,-0.088,below_zone,1,weak,65,transition,,,0.7,0,0,0,25.6,0.0502,2780617201.25,1,-0.0747,-0.0854,0.0854
6805,2026-01-08,63.0,54.2,震盪,FADING,25.23,28.79,0.0,0.0,0.0,620,177,443,0.7779,526,279,247,0.6534,0.2682,0.4412,0.1677,0.1677,1.44,-0.029,0.4,1.66,1506.97,1577.19,-0.094,below_zone,2,watch,65,transition,,,0.7,0,0,0,25.2,0.0509,2733308663.75,1,-0.0623,0.033,0.1355
6805,2026-01-09,64.0,54.7,震盪,FADING,32.95,27.74,0.0,0.0,0.0,629,165,464,0.7922,571,235,336,0.7084,0.3122,0.3888,0.1844,0.1677,1.53,-0.005,0.45,1.59,1501.93,1567.69,-0.091,below_zone,0,weak,65,transition,,,0.7,0,0,0,25.6,0.0511,2761669167.25,1,-0.033,0.011,0.1319
6805,2026-01-12,65.0,55.2,震盪,FADING,33.84,28.98,0.0,0.0,0.0,642,154,488,0.8065,634,177,457,0.7818,0.32,0.3145,0.1896,0.1677,1.53,0.001,0.45,1.53,1472.09,1509.38,-0.097,below_zone,1,weak,65,transition,,,0.7,0,0,0,26.0,0.0523,2647983989.25,1,-0.0376,0.0602,0.1654
6805,2026-01-13,64.0,54.7,震盪,FADING,34.87,28.84,0.0,0.0,0.0,622,178,444,0.7775,629,183,446,0.7746,0.4058,0.3749,0.1835,0.1771,1.33,-0.002,0.5,1.48,1441.25,1495.74,-0.101,below_zone,1,weak,65,transition,,,0.7,0,0,0,25.6,0.0529,2642058236.5,1,-0.0077,0.0965,0.2201
6805,2026-01-14,66.0,55.8,震盪,FADING,38.68,31.57,0.0,0.0,0.0,672,129,543,0.839,650,162,488,0.8005,0.3911,0.3643,0.1962,0.1882,1.62,0.069,0.5,1.62,1424.46,1475.35,-0.087,below_zone,1,weak,65,transition,,,0.7,0,0,0,26.4,0.0537,2772832996.5,1,-0.0115,0.1462,0.1885
6805,2026-01-15,66.0,55.8,震盪,FADING,39.27,32.57,0.0,0.0,0.0,692,105,587,0.8683,658,154,504,0.8103,0.3682,0.3641,0.222,0.191,1.24,-0.009,0.5,1.62,1412.36,1463.98,-0.094,below_zone,1,weak,65,transition,,,0.7,0,0,0,26.4,0.052,2752236348.5,1,0.1016,0.1602,0.1562
6805,2026-01-16,65.0,55.2,震盪,FADING,38.06,33.74,0.0,0.0,0.0,670,130,540,0.8375,636,175,461,0.7842,0.3915,0.3508,0.2268,0.1933,0.83,-0.134,0.5,1.64,1328.49,1457.2,-0.006,below_zone,0,weak,65,transition,,,0.7,0,0,0,26.0,0.0513,2828006475.0,1,0.0455,0.0795,0.1212
6805,2026-01-19,65.0,55.2,震盪,FADING,38.12,31.72,0.0,0.0,0.0,659,134,525,0.831,639,172,467,0.7879,0.3914,0.3452,0.2224,0.1912,1.15,-0.11,0.5,1.61,1326.56,1431.45,-0.035,below_zone,0,weak,65,transition,,,0.7,0,0,0,26.0,0.0531,2887024164.0,1,0.1016,0.0977,0.2148
6805,2026-01-20,65.0,55.2,震盪,FADING,37.53,29.9,0.0,0.0,0.0,638,148,490,0.8117,655,153,502,0.8106,0.3714,0.3475,0.2176,0.1839,0.9,-0.143,0.5,1.57,1320.78,1425.9,-0.027,below_zone,1,weak,65,transition,,,0.7,0,0,0,26.0,0.0523,2811707022.0,1,0.1051,0.1946,0.3307
6805,2026-01-21,66.0,55.8,震盪,FADING,34.31,30.48,0.0,0.0,0.0,484,291,193,0.6245,646,162,484,0.7995,0.4658,0.3594,0.2125,0.1882,0.86,-0.057,0.5,1.57,1319.5,1420.29,-0.026,below_zone,0,weak,65,transition,,,0.7,0,0,0,26.4,0.0539,2876861636.5,1,0.1595,0.1868,0.358
6805,2026-01-22,73.0,59.3,震盪,FADING,35.53,33.22,0.0,0.0,0.0,278,513,-235,0.3515,635,174,461,0.7849,0.6011,0.3652,0.191,0.186,0.36,-0.111,0.45,1.56,1324.77,1413.19,0.064,inside_zone,0,weak,65,transition,,,0.7,0,0,1,29.2,0.0518,3056260687.0,1,0.0532,0.0993,0.2482
6805,2026-01-23,72.0,58.8,震盪,FADING,28.53,30.85,0.0,0.0,0.0,335,457,-122,0.423,643,164,479,0.7968,0.5496,0.3506,0.1812,0.1837,1.01,-0.071,0.4,1.55,1346.51,1394.34,0.025,inside_zone,0,weak,65,transition,,,0.7,0,0,1,28.8,0.0545,3119686434.75,1,0.0326,0.1196,0.192
6805,2026-01-26,72.0,58.8,震盪,NEUTRAL,45.07,31.6,0.0,0.0,0.0,284,508,-224,0.3586,650,160,490,0.8025,0.5679,0.3392,0.1705,0.1837,0.55,-0.051,0.4,1.54,1344.69,1393.97,0.049,above_zone,0,weak,65,transition,,,0.7,0,0,1,28.8,0.0534,3138789189.75,0,-0.0035,0.0993,
6805,2026-01-27,72.0,58.8,震盪,NEUTRAL,39.17,22.82,0.0,0.0,0.0,240,554,-314,0.3023,650,159,491,0.8035,0.5752,0.3419,0.1578,0.1808,0.45,-0.059,0.4,1.52,1347.68,1396.33,0.054,above_zone,0,weak,65,transition,,,0.7,0,0,1,28.8,0.0535,3192108402.5,0,0.081,0.1127,
6805,2026-01-28,71.0,58.3,震盪,NEUTRAL,40.25,20.57,0.0,0.0,0.0,181,610,-429,0.2288,628,179,449,0.7782,0.6284,0.3515,0.1644,0.1868,0.36,-0.053,0.4,1.53,1338.11,1398.66,0.114,above_zone,0,weak,65,transition,,,0.7,0,0,1,28.4,0.0522,3316245779.75,0,0.0235,0.0369,
6805,2026-01-29,72.0,58.8,震盪,NEUTRAL,36.62,22.49,0.0,0.0,0.0,246,527,-281,0.3182,609,199,410,0.7537,0.5879,0.3649,0.1696,0.1936,0.56,-0.107,0.4,1.54,1344.76,1394.2,0.104,above_zone,0,weak,65,transition,,,0.7,0,0,1,28.8,0.0515,3318915685.5,0,0.0438,-0.0034,
6805,2026-01-30,71.0,58.3,震盪,NEUTRAL,38.51,24.96,0.0,0.0,0.0,205,570,-365,0.2645,578,229,349,0.7162,0.6849,0.3876,0.174,0.1936,0.83,0.065,0.45,1.58,1344.76,1403.58,0.06,above_zone,0,weak,65,transition,,,0.7,0,0,1,28.4,0.0526,3261889768.0,0,0.0842,0.0386,
6805,2026-02-02,71.0,58.3,震盪,NEUTRAL,36.58,25.4,0.0,0.0,0.0,223,569,-346,0.2816,573,258,315,0.6895,0.6812,0.4103,0.174,0.1936,0.68,0.088,0.4,1.63,1364.66,1429.02,0.03,inside_zone,0,weak,65,transition,,,0.7,0,0,1,28.4,0.0541,3232828516.5,0,0.1032,0.1068,
6805,2026-02-03,69.0,57.3,震盪,FADING,48.03,35.51,0.0,0.0,0.0,183,633,-450,0.2243,449,401,48,0.5282,0.6959,0.4745,0.1791,0.196,0.44,0.017,0.4,1.72,1369.83,1440.35,0.121,above_zone,1,weak,65,transition,,,0.7,0,0,0,27.6,0.0521,3415689084.25,0,0.0293,0.114,
6805,2026-02-04,71.0,58.3,震盪,NEUTRAL,38.64,33.45,0.0,0.0,0.0,301,518,-217,0.3675,435,416,19,0.5112,0.624,0.4878,0.1747,0.1893,1.13,0.051,0.35,1.75,1372.67,1441.57,0.111,above_zone,0,weak,65,transition,,,0.7,0,0,1,28.4,0.0515,3420888596.25,0,0.0131,0.1443,
6805,2026-02-05,80.0,62.9,震盪,NEUTRAL,39.16,32.84,0.0,0.0,0.0,294,522,-228,0.3603,397,456,-59,0.4654,0.6289,0.5192,0.1794,0.1813,0.74,-0.001,0.3,1.81,1372.96,1451.17,0.129,above_zone,0,weak,65,transition,,,0.7,0,0,1,32.0,0.0513,3434588801.25,0,-0.0452,0.1355,
6805,2026-02-06,79.0,62.4,震盪,NEUTRAL,34.29,35.54,0.0,0.0,0.0,258,529,-271,0.3278,344,511,-167,0.4023,0.6367,0.5694,0.1747,0.1767,0.71,0.013,0.35,1.89,1409.84,1462.79,0.096,above_zone,0,weak,65,transition,,,0.7,0,0,1,31.6,0.0526,3437678654.25,0,-0.0421,0.0647,
6805,2026-02-09,79.0,62.4,震盪,NEUTRAL,33.88,26.46,0.0,0.0,0.0,268,517,-249,0.3414,312,543,-231,0.3649,0.591,0.5738,0.1549,0.1673,0.9,0.025,0.3,1.97,1412.98,1480.4,0.097,above_zone,0,weak,65,transition,,,0.7,0,0,1,31.6,0.0531,3450341474.25,0,0.0032,,
6805,2026-02-10,78.0,61.9,震盪,NEUTRAL,30.07,27.64,0.0,0.0,0.0,317,450,-133,0.4133,268,587,-319,0.3135,0.5492,0.6163,0.1224,0.1519,0.44,-0.173,0.3,2.1,1434.63,1530.14,0.101,above_zone,0,weak,65,transition,,,0.7,0,0,1,31.2,0.0514,3390885549.25,0,0.0823,,
6805,2026-02-11,77.0,61.4,震盪,NEUTRAL,23.26,31.62,0.0,0.0,0.0,279,491,-212,0.3623,215,640,-425,0.2515,0.5902,0.615,0.1125,0.1417,1.28,0.039,0.35,1.68,1431.15,1530.14,0.08,above_zone,0,weak,65,transition,,,0.7,0,0,1,30.8,0.0523,3215592352.25,0,0.1294,,
6805,2026-02-23,73.0,59.3,震盪,NEUTRAL,26.6,31.63,0.0,0.0,0.0,367,394,-27,0.4823,213,643,-430,0.2488,0.5098,0.61,0.1081,0.1374,1.51,0.164,0.35,1.58,1436.88,1530.27,0.03,inside_zone,0,weak,65,transition,,,0.7,0,0,1,29.2,0.0557,3223908552.25,0,0.1892,,
6805,2026-02-24,72.0,58.8,震盪,NEUTRAL,38.29,30.92,0.0,0.0,0.0,390,375,15,0.5098,218,636,-418,0.2553,0.4901,0.6293,0.1235,0.1468,1.19,0.143,0.35,1.57,1446.55,1530.27,0.023,inside_zone,0,weak,65,transition,,,0.7,0,0,1,28.8,0.0551,3190324268.25,0,0.1115,,
6805,2026-02-25,77.0,61.4,震盪,NEUTRAL,36.24,30.2,0.0,0.0,0.0,296,462,-166,0.3905,184,670,-486,0.2155,0.6119,0.6682,0.1235,0.1515,0.71,0.036,0.4,1.58,1462.64,1530.38,0.063,above_zone,0,weak,65,transition,,,0.7,0,0,1,30.8,0.0529,3220369903.5,0,,,
6805,2026-02-26,74.0,59.8,震盪,NEUTRAL,51.48,31.79,-2.0,-2.0,-2.0,150,624,-474,0.1938,126,725,-599,0.1481,0.7453,0.7125,0.156,0.1625,0.31,-0.314,0.35,1.66,1489.58,1541.43,0.148,above_zone,1,weak,65,transition,,,0.7,0,0,1,29.6,0.0518,3467923892.25,0,,,
6805,2026-03-02,74.0,59.8,震盪,NEUTRAL,50.3,32.01,-2.0,-4.0,-4.0,160,628,-468,0.203,130,720,-590,0.1529,0.7317,0.71,0.1611,0.1672,0.93,-0.256,0.3,1.7,1510.14,1589.12,0.156,above_zone,2,watch,65,transition,,,0.7,0,0,1,29.6,0.0524,3680265339.0,0,,,
6805,2026-03-03,74.0,59.8,震盪,NEUTRAL,52.29,32.26,4.0,0.0,0.0,136,653,-517,0.1724,147,703,-556,0.1729,0.7331,0.7032,0.171,0.1718,0.71,-0.106,0.3,1.69,1544.78,1607.66,0.139,above_zone,0,weak,65,transition,,,0.7,0,0,1,29.6,0.0514,3662073408.5,0,,,
6805,2026-03-04,74.0,59.8,震盪,NEUTRAL,43.13,32.17,0.0,0.0,0.0,136,649,-513,0.1732,128,726,-598,0.1499,0.7575,0.7512,0.1802,0.1718,1.3,0.146,0.3,1.72,1557.05,1678.14,0.056,inside_zone,0,weak,65,transition,,,0.7,0,0,1,29.6,0.0568,3628363342.25,0,,,
6805,2026-03-05,74.0,59.8,震盪,NEUTRAL,46.47,39.36,0.0,0.0,0.0,141,631,-490,0.1826,117,733,-616,0.1376,0.7466,0.7486,0.1722,0.1587,0.0,-0.029,0.35,1.8,1565.6,1682.09,0.051,inside_zone,0,weak,65,transition,,,0.7,0,0,1,29.6,0.0,3685242173.421053,0,,,
